output_family,local_tables,key_path,representative_inputs,operation,exact_replication_risk,validation
available_water_storage,"component, chorizon",mukey -> component.cokey -> chorizon,"comppct_r, hzdept_r, hzdepb_r, awc_r",depth overlap then component-percent weighted map-unit summary,high,strict Valu1 exclusions; compare compatible muaggatt zones
soil_organic_carbon_stock,"component, chorizon, chfrags",mukey -> component.cokey -> chorizon.chkey -> chfrags,"comppct_r, depths, om_r, dbthirdbar_r, fragvol_r",horizon stock by overlap then component weighting,high,confirm USDA formula and strict completeness/exclusion rules
contributing_thickness,"component, chorizon",mukey -> component.cokey -> chorizon,"comppct_r, hzdept_r, hzdepb_r plus AWS/SOC eligibility masks",weighted thickness of records actually used,high,must share the exact eligibility mask of its paired calculation
component_percentage_sum,component; calculation eligibility masks,mukey -> component,comppct_r,sum all or only AWS/SOC-eligible component percentages,low for all; high for AWS/SOC,musumcpcta/musumcpcts must use paired calculation masks
crop_productivity_index,"component, cointerp",mukey -> component.cokey -> cointerp,"majcompflag, compkind/taxonomy, comppct_r, mrulename, interphr/interphrc",select four NCCPI rules; weight major earthy components; maximum,medium,validate numeric source column and earthy-component classifier
percent_earthy_major_components,component,mukey -> component,"majcompflag, compkind/taxonomy, comppct_r",sum percentages of major earthy components,medium,match USDA earthy classification
root_zone,"component, chorizon, corestrictions",mukey -> component.cokey -> horizons/restrictions,"major-earthy mask, reskind/resdept_r, pH, EC, horizon depth, awc_r","first qualifying root limit, capped/defaulted at 150 cm; weighted summary",high,reproduce all USDA limiting criteria and missing-data behavior
drought_vulnerability,"derived root-zone output, component",derived at mukey,rootznaws plus miscellaneous/availability flags,1 where valid root-zone AWS <=152 mm; 0 otherwise; NULL exclusions,low after root-zone validation,do not classify miscellaneous areas or missing results as zero
potential_wetland_soil_landscape,"mapunit, component",mukey -> component,"hydricrating, drainagecl, localphase, otherph, compname, muname, comppct_r",USDA PWSL v1 phrase/rating criteria and percent sum,high,preserve NULL; split source sentinel 999 into water-body class
