attributekey,attributename,attributetablename,attributecolumnname,attributelogicaldatatype,effectivelogicaldatatype,attributeuom,attributetype,mapunitlevelattribflag,complevelattribflag,cmonthlevelattribflag,horzlevelattribflag,algorithmname,componentpercentcutoff,tiebreakrule,tiebreaklowlabel,tiebreakhighlabel,depthqualifiermode,layerdepthtotop,layerdepthtobottom,beginningmonth,endingmonth,interpnullsaszeroflag,nullratingreplacementvalue
2753,Agricultural Organic Soil Subsidence,cointerp,interphrc,String,String,,Interpretation,0,1,0,0,Dominant Condition,,1,,,,,,,,0,
530,"Agronomic Concerns, Available Water Capacity (ND)",cointerp,interphrc,String,String,,Interpretation,0,1,0,0,Dominant Condition,,1,,,,,,,,0,
531,"Agronomic Concerns, Natural Fertility (ND)",cointerp,interphrc,String,String,,Interpretation,0,1,0,0,Dominant Condition,,1,,,,,,,,0,
542,"Agronomic Concerns, Physical Limitations (ND)",cointerp,interphrc,String,String,,Interpretation,0,1,0,0,Dominant Condition,,1,,,,,,,,0,
534,"Agronomic Concerns, Rooting Depth (ND)",cointerp,interphrc,String,String,,Interpretation,0,1,0,0,Dominant Condition,,1,,,,,,,,0,
535,"Agronomic Concerns, Sodicity (ND)",cointerp,interphrc,String,String,,Interpretation,0,1,0,0,Dominant Condition,,1,,,,,,,,0,
536,"Agronomic Concerns, Subsurface Salinity (ND)",cointerp,interphrc,String,String,,Interpretation,0,1,0,0,Dominant Condition,,1,,,,,,,,0,
538,"Agronomic Concerns, Surface Salinity (ND)",cointerp,interphrc,String,String,,Interpretation,0,1,0,0,Dominant Condition,,1,,,,,,,,0,
541,"Agronomic Concerns, Wind Erosion (ND)",cointerp,interphrc,String,String,,Interpretation,0,1,0,0,Dominant Condition,,1,,,,,,,,0,
500,Air Quality PM10 (TX),cointerp,interphrc,String,String,,Interpretation,0,1,0,0,Dominant Condition,,1,,,,,,,,0,
501,Air Quality PM2_5 (TX),cointerp,interphrc,String,String,,Interpretation,0,1,0,0,Dominant Condition,,1,,,,,,,,0,
2788,Alaska Exempt Wetland Potential (AK),cointerp,interphrc,String,String,,Interpretation,0,1,0,0,Dominant Condition,,1,,,,,,,,0,
2913,American Wine Grape Varieties Site Suitability (Long),cointerp,interphrc,String,String,,Interpretation,0,1,0,0,Dominant Condition,,1,,,,,,,,0,
2917,American Wine Grape Varieties Site Suitability (Med),cointerp,interphrc,String,String,,Interpretation,0,1,0,0,Dominant Condition,,1,,,,,,,,0,
2918,American Wine Grape Varieties Site Suitability (Short),cointerp,interphrc,String,String,,Interpretation,0,1,0,0,Dominant Condition,,1,,,,,,,,0,
2919,American Wine Grape Varieties Site Suitability (Very Long),cointerp,interphrc,String,String,,Interpretation,0,1,0,0,Dominant Condition,,1,,,,,,,,0,
2784,Animal Disposal by Composting (Catastrophic) (WV),cointerp,interphrc,String,String,,Interpretation,0,1,0,0,Dominant Condition,,1,,,,,,,,0,
420,Aquifer Assessment (MN),cointerp,interphrc,String,String,,Interpretation,0,1,0,0,Dominant Component,,1,,,,,,,,0,
2892,Aspen Productivity Index (MN),cointerp,interphrc,String,Float,,Interpretation,0,1,0,0,Weighted Average,,1,,,,,,,,0,
620,Avocado Root Rot Hazard (CA),cointerp,interphrc,String,String,,Interpretation,0,1,0,0,Dominant Condition,,1,,,,,,,,0,
106,Bivouac Areas,cointerp,interphrc,string,string,,Interpretation,0,1,0,0,Dominant Condition,,1,,,,,,,,0,
2816,Black Walnut Suitability (WV),cointerp,interphrc,String,String,,Interpretation,0,1,0,0,Dominant Condition,,1,,,,,,,,0,
314,Black Walnut Suitability Index (MO),cointerp,interphrc,String,String,,Interpretation,0,1,0,0,Dominant Condition,,-1,,,,,,,,0,
2867,Black Walnut Suitability Index (WI),cointerp,interphrc,String,String,,Interpretation,0,1,0,0,Dominant Condition,,1,,,,,,,,0,
2914,Brush Management (314),cointerp,interphrc,String,String,,Interpretation,0,1,0,0,Dominant Condition,,1,,,,,,,,0,
282,Burrowing Mammals and Reptiles (TX),cointerp,interphrc,String,String,,Interpretation,0,1,0,0,Dominant Condition,,1,,,,,,,,0,
2720,CMECS Substrate Class,cointerp,interphrc,String,String,,Interpretation,0,1,0,0,Dominant Condition,,1,,,,,,,,0,
2721,CMECS Substrate Origin,cointerp,interphrc,String,String,,Interpretation,0,1,0,0,Dominant Condition,,1,,,,,,,,0,
2722,CMECS Substrate Subclass,cointerp,interphrc,String,String,,Interpretation,0,1,0,0,Dominant Condition,,1,,,,,,,,0,
2723,CMECS Substrate Subclass-Group,cointerp,interphrc,String,String,,Interpretation,0,1,0,0,Dominant Condition,,1,,,,,,,,0,
2724,CMECS Substrate Subclass-Group-Subgroup,cointerp,interphrc,String,String,,Interpretation,0,1,0,0,Dominant Condition,,1,,,,,,,,0,
2886,Cacao Suitability,cointerp,interphrc,String,Float,,Interpretation,0,1,0,0,Weighted Average,,1,,,,,,,,0,
194,California Revised Storie Index (CA),cointerp,interphrc,String,String,,Interpretation,0,1,0,0,Dominant Condition,,-1,,,,,,,,0,
3,Camp Areas,cointerp,interphrc,String,String,,Interpretation,0,1,0,0,Dominant Condition,,1,,,,,,,,0,
318,Camp Areas (GA),cointerp,interphrc,String,String,,Interpretation,0,1,0,0,Dominant Condition,,1,,,,,,,,0,
373,Camp Areas (MI),cointerp,interphrc,String,String,,Interpretation,0,1,0,0,Dominant Condition,,1,,,,,,,,0,
174,Camp Areas (OH),cointerp,interphrc,String,String,,Interpretation,0,1,0,0,Dominant Condition,,1,,,,,,,,0,
2856,Camp Areas; Primitive (AK),cointerp,interphrc,String,String,,Interpretation,0,1,0,0,Dominant Condition,,1,,,,,,,,0,
2855,Camp and Picnic Areas (AK),cointerp,interphrc,String,String,,Interpretation,0,1,0,0,Dominant Condition,,1,,,,,,,,0,
590,Capping Fill Gravity Septic System (DE),cointerp,interphrc,String,String,,Interpretation,0,1,0,0,Dominant Condition,,1,,,,,,,,0,
2761,"Catastrophic Event, Large Animal Mortality, Burial",cointerp,interphrc,String,String,,Interpretation,0,1,0,0,Dominant Condition,,1,,,,,,,,0,
2760,"Catastrophic Event, Large Animal Mortality, Incinerate",cointerp,interphrc,String,String,,Interpretation,0,1,0,0,Dominant Condition,,1,,,,,,,,0,
232,"Catastrophic Mortality, Large Animal Disposal, Pit",cointerp,interphrc,String,String,,Interpretation,0,1,0,0,Dominant Condition,,1,,,,,,,,0,
233,"Catastrophic Mortality, Large Animal Disposal, Trench",cointerp,interphrc,String,String,,Interpretation,0,1,0,0,Dominant Condition,,1,,,,,,,,0,
445,Chaining Suitability,cointerp,interphrc,String,String,,Interpretation,0,1,0,0,Dominant Condition,,1,,,,,,,,0,
510,Chufa Cultivation for Wildlife Forage (LA),cointerp,interphrc,String,String,,Interpretation,0,1,0,0,Dominant Condition,,1,,,,,,,,0,
278,Clay Liner Material Source,cointerp,interphrc,String,String,,Interpretation,0,1,0,0,Dominant Condition,,1,,,,,,,,0,
2703,Closed-loop Horizontal Geothermal Heat Pump (CT),cointerp,interphrc,String,String,,Interpretation,0,1,0,0,Dominant Component,,1,,,,,,,,0,
2887,Coffee Suitability,cointerp,interphrc,String,Float,,Interpretation,0,1,0,0,Weighted Average,,1,,,,,,,,0,
377,Cohesive Soil Liner  (MN),cointerp,interphrc,String,String,,Interpretation,0,1,0,0,Dominant Condition,,-1,,,,,,,,0,
618,Commodity Crop Productivity Index (Corn) (TN),cointerp,interphrc,String,String,,Interpretation,0,1,0,0,Dominant Condition,,1,,,,,,,,0,
2657,Commodity Crop Productivity Index (Corn) (WI),cointerp,interphrc,String,String,,Interpretation,0,1,0,0,Dominant Condition,,1,,,,,,,,0,
619,Commodity Crop Productivity Index (Soybeans) (TN),cointerp,interphrc,String,String,,Interpretation,0,1,0,0,Dominant Condition,,-1,,,,,,,,0,
2650,Compaction Potential (WA),cointerp,interphrc,String,String,,Interpretation,0,1,0,0,Dominant Condition,,1,,,,,,,,0,
276,Composting Facility - Subsurface,cointerp,interphrc,String,String,,Interpretation,0,1,0,0,Dominant Condition,,1,,,,,,,,0,
277,Composting Facility - Surface,cointerp,interphrc,String,String,,Interpretation,0,1,0,0,Dominant Condition,,1,,,,,,,,0,
279,Composting Medium and Final Cover,cointerp,interphrc,String,String,,Interpretation,0,1,0,0,Dominant Condition,,1,,,,,,,,0,
486,Concrete Driveways and Sidewalks (TX),cointerp,interphrc,String,String,,Interpretation,0,1,0,0,Dominant Condition,,1,,,,,,,,0,
227,Construction Limitation for Haul Roads and Log Landings (OH),cointerp,interphrc,String,String,,Interpretation,0,1,0,0,Dominant Condition,,1,,,,,,,,0,
2670,Construction Limitations for Haul Roads  Log Landings (ME),cointerp,interphrc,String,String,,Interpretation,0,1,0,0,Dominant Component,,1,,,,,,,,0,
26,Construction Limitations for Haul Roads and Log Landings,cointerp,interphrc,String,String,,Interpretation,0,1,0,0,Dominant Condition,,1,,,,,,,,0,
528,Conventional On-Site Septic Systems (TN),cointerp,interphrc,String,String,,Interpretation,0,1,0,0,Dominant Condition,,1,,,,,,,,0,
343,Conventional Tillage (TX),cointerp,interphrc,String,String,,Interpretation,0,1,0,0,Dominant Component,,1,,,,,,,,0,
2916,Cover Crop (340),cointerp,interphrc,String,String,,Interpretation,0,1,0,0,Dominant Condition,,1,,,,,,,,0,
283,Crawfish Aquaculture (TX),cointerp,interphrc,String,String,,Interpretation,0,1,0,0,Dominant Condition,,1,,,,,,,,0,
103,Daily Cover for Landfill,cointerp,interphrc,String,String,,Interpretation,0,1,0,0,Dominant Condition,,1,,,,,,,,0,
2864,Daily Cover for Landfill (AK),cointerp,interphrc,String,String,,Interpretation,0,1,0,0,Dominant Condition,,1,,,,,,,,0,
178,Daily Cover for Landfill (OH),cointerp,interphrc,String,String,,Interpretation,0,1,0,0,Dominant Condition,,1,,,,,,,,0,
2695,Deep Infiltration Systems,cointerp,interphrc,String,String,,Interpretation,0,1,0,0,Dominant Condition,,1,,,,,,,,0,
2676,Desert Tortoise (CA),cointerp,interphrc,String,String,,Interpretation,0,1,0,0,Dominant Condition,,1,,,,,,,,0,
284,Desertic Herbaceous Plants (TX),cointerp,interphrc,String,String,,Interpretation,0,1,0,0,Dominant Condition,,1,,,,,,,,0,
2652,Displacement Potential (WA),cointerp,interphrc,String,String,,Interpretation,0,1,0,0,Dominant Condition,,1,,,,,,,,0,
78,Disposal of Wastewater by Irrigation,cointerp,interphrc,String,String,,Interpretation,0,1,0,0,Dominant Condition,,1,,,,,,,,0,
336,Disposal of Wastewater by Irrigation (MD),cointerp,interphrc,String,String,,Interpretation,0,1,0,0,Dominant Condition,,1,,,,,,,,0,
257,Disposal of Wastewater by Irrigation (OH),cointerp,interphrc,String,String,,Interpretation,0,1,0,0,Dominant Condition,,1,,,,,,,,0,
407,Disposal of Wastewater by Irrigation (VT),cointerp,interphrc,String,String,,Interpretation,0,1,0,0,Dominant Condition,,1,,,,,,,,0,
57,Disposal of Wastewater by Rapid Infiltration,cointerp,interphrc,String,String,,Interpretation,0,1,0,0,Dominant Condition,,1,,,,,,,,0,
348,Disposal of Wastewater by Rapid Infiltration (MD),cointerp,interphrc,String,String,,Interpretation,0,1,0,0,Dominant Condition,,1,,,,,,,,0,
409,Disposal of Wastewater by Rapid Infiltration (VT),cointerp,interphrc,String,String,,Interpretation,0,1,0,0,Dominant Condition,,1,,,,,,,,0,
152,"Domestic Grasses and Legumes, Food and Cover (TX)",cointerp,interphrc,String,String,,Interpretation,0,1,0,0,Dominant Condition,,1,,,,,,,,0,
261,Drainage (OH),cointerp,interphrc,String,String,,Interpretation,0,1,0,0,Dominant Condition,,1,,,,,,,,0,
2834,Drought Vulnerable Soils,cointerp,interphrc,String,String,,Interpretation,0,1,0,0,Dominant Condition,,1,,,,,,,,0,
488,Dwellings On Concrete Slab (TX),cointerp,interphrc,String,String,,Interpretation,0,1,0,0,Dominant Condition,,1,,,,,,,,0,
80,Dwellings With Basements,cointerp,interphrc,String,String,,Interpretation,0,1,0,0,Dominant Condition,,1,,,,,,,,0,
159,Dwellings With Basements (OH),cointerp,interphrc,String,String,,Interpretation,0,1,0,0,Dominant Condition,,1,,,,,,,,0,
487,Dwellings With Basements (TX),cointerp,interphrc,String,String,,Interpretation,0,1,0,0,Dominant Condition,,1,,,,,,,,0,
69,Dwellings Without Basements,cointerp,interphrc,String,String,,Interpretation,0,1,0,0,Dominant Condition,,1,,,,,,,,0,
158,Dwellings Without Basements (OH),cointerp,interphrc,String,String,,Interpretation,0,1,0,0,Dominant Condition,,1,,,,,,,,0,
2835,Dynamic Soil Properties Response to Biochar,cointerp,interphrc,String,String,,Interpretation,0,1,0,0,Dominant Condition,,1,,,,,,,,0,
2715,Eastern Oyster Habitat Restoration Suitability,cointerp,interphrc,String,String,,Interpretation,0,1,0,0,Dominant Condition,,1,,,,,,,,0,
2716,Eelgrass Restoration Suitability,cointerp,interphrc,String,String,,Interpretation,0,1,0,0,Dominant Condition,,1,,,,,,,,0,
592,Elevated Sand Mound Septic System (DE),cointerp,interphrc,String,String,,Interpretation,0,1,0,0,Dominant Condition,,1,,,,,,,,0,
30,"Embankments, Dikes, and Levees",cointerp,interphrc,String,String,,Interpretation,0,1,0,0,Dominant Condition,,1,,,,,,,,0,
259,"Embankments, Dikes, and Levees (OH)",cointerp,interphrc,String,String,,Interpretation,0,1,0,0,Dominant Condition,,1,,,,,,,,0,
406,"Embankments, Dikes, and Levees (VT)",cointerp,interphrc,String,String,,Interpretation,0,1,0,0,Dominant Condition,,1,,,,,,,,0,
2797,Emergency Disposal by Shallow Burial,cointerp,interphrc,String,String,,Interpretation,0,1,0,0,Dominant Component,,1,,,,,,,,0,
2840,Emergency Land Application of Milk,cointerp,interphrc,String,String,,Interpretation,0,1,0,0,Dominant Condition,,1,,,,,,,,0,
85,"Erosion Hazard (Off-Road, Off-Trail)",cointerp,interphrc,String,String,,Interpretation,0,1,0,0,Dominant Condition,,1,,,,,,,,0,
376,"Erosion Hazard (Off-Road, Off-Trail) (MI)",cointerp,interphrc,String,String,,Interpretation,0,1,0,0,Dominant Condition,,1,,,,,,,,0,
254,"Erosion Hazard (Off-Road, Off-Trail) (OH)",cointerp,interphrc,String,String,,Interpretation,0,1,0,0,Dominant Condition,,1,,,,,,,,0,
92,"Erosion Hazard (Road, Trail)",cointerp,interphrc,String,String,,Interpretation,0,1,0,0,Dominant Condition,,1,,,,,,,,0,
72,Excavated Ponds (Aquifer-Fed),cointerp,interphrc,String,String,,Interpretation,0,1,0,0,Dominant Condition,,1,,,,,,,,0,
260,Excavated Ponds (Aquifer-fed) (OH),cointerp,interphrc,String,String,,Interpretation,0,1,0,0,Dominant Condition,,1,,,,,,,,0,
107,Excavations for Crew-Served Weapon Fighting Positions,cointerp,interphrc,string,string,,Interpretation,0,1,0,0,Dominant Condition,,1,,,,,,,,0,
108,Excavations for Individual Fighting Positions,cointerp,interphrc,string,string,,Interpretation,0,1,0,0,Dominant Condition,,1,,,,,,,,0,
109,Excavations for Vehicle Fighting Positions,cointerp,interphrc,string,string,,Interpretation,0,1,0,0,Dominant Condition,,1,,,,,,,,0,
544,Excavations to 24 inches for Plastic Pipelines (TX),cointerp,interphrc,String,String,,Interpretation,0,1,0,0,Dominant Condition,,1,,,,,,,,0,
2712,Farm and Garden Composting Facility - Surface,cointerp,interphrc,String,String,,Interpretation,0,1,0,0,Dominant Condition,,1,,,,,,,,0,
446,Fencing,cointerp,interphrc,String,String,,Interpretation,0,1,0,0,Dominant Condition,,1,,,,,,,,0,
630,"Fencing, Post Depth 24 Inches or Less",cointerp,interphrc,String,String,,Interpretation,0,1,0,0,Dominant Condition,,1,,,,,,,,0,
631,"Fencing, Post Depth 36 Inches or Less",cointerp,interphrc,String,String,,Interpretation,0,1,0,0,Dominant Condition,,1,,,,,,,,0,
545,"Fencing, Post Depth Less Than 24 inches (TX)",cointerp,interphrc,String,String,,Interpretation,0,1,0,0,Dominant Condition,,1,,,,,,,,0,
546,"Fencing, Post Depth Less Than 36 inches (TX)",cointerp,interphrc,String,String,,Interpretation,0,1,0,0,Dominant Condition,,1,,,,,,,,0,
225,Filter Strips (TX),cointerp,interphrc,String,String,,Interpretation,0,1,0,0,Dominant Condition,,1,,,,,,,,0,
447,Fire Damage Susceptibility,cointerp,interphrc,String,String,,Interpretation,0,1,0,0,Dominant Condition,,1,,,,,,,,0,
2857,Foot and All-Terrain Vehicle Trails (AK),cointerp,interphrc,String,String,,Interpretation,0,1,0,0,Dominant Condition,,1,,,,,,,,0,
2682,Fragile Soil Index,cointerp,interphrc,String,String,,Interpretation,0,1,0,0,Dominant Condition,,1,,,,,,,,0,
285,Freshwater Wetland Plants (TX),cointerp,interphrc,String,String,,Interpretation,0,1,0,0,Dominant Condition,,1,,,,,,,,0,
448,Fugitive Dust Resistance,cointerp,interphrc,String,String,,Interpretation,0,1,0,0,Dominant Condition,,1,,,,,,,,0,
2767,General Harvest Season (ME),cointerp,interphrc,String,String,,Interpretation,0,1,0,0,Dominant Component,,1,,,,,,,,0,
357,Golf Fairways (OH),cointerp,interphrc,String,String,,Interpretation,0,1,0,0,Dominant Condition,,1,,,,,,,,0,
286,Grain and Seed Crops for Food and Cover (TX),cointerp,interphrc,String,String,,Interpretation,0,1,0,0,Dominant Condition,,1,,,,,,,,0,
2656,Grape non-irrigated (MO),cointerp,interphrc,String,String,,Interpretation,0,1,0,0,Dominant Condition,,1,,,,,,,,0,
262,Grassed Waterways (OH),cointerp,interphrc,String,String,,Interpretation,0,1,0,0,Dominant Condition,,1,,,,,,,,0,
508,Grassed Waterways (TX),cointerp,interphrc,String,String,,Interpretation,0,1,0,0,Dominant Condition,,1,,,,,,,,0,
22,Gravel Source,cointerp,interphrc,String,String,,Interpretation,0,1,0,0,Dominant Condition,,1,,,,,,,,0,
2860,Gravel Source (AK),cointerp,interphrc,String,String,,Interpretation,0,1,0,0,Dominant Condition,,1,,,,,,,,0,
139,Gravel Source (ID),cointerp,interphrc,String,String,,Interpretation,0,1,0,0,Dominant Condition,,1,,,,,,,,0,
192,Gravel Source (IN),cointerp,interphrc,String,String,,Interpretation,0,1,0,0,Dominant Condition,,1,,,,,,,,0,
423,Gravel Source (MI),cointerp,interphrc,String,String,,Interpretation,0,1,0,0,Dominant Condition,,1,,,,,,,,0,
223,Gravel Source (MN),cointerp,interphrc,String,String,,Interpretation,0,1,0,0,Dominant Condition,,1,,,,,,,,0,
221,Gravel Source (NY),cointerp,interphrc,String,String,,Interpretation,0,1,0,0,Dominant Condition,,1,,,,,,,,0,
164,Gravel Source (OH),cointerp,interphrc,String,String,,Interpretation,0,1,0,0,Dominant Condition,,1,,,,,,,,0,
140,Gravel Source (OR),cointerp,interphrc,String,String,,Interpretation,0,1,0,0,Dominant Condition,,1,,,,,,,,0,
403,Gravel Source (VT),cointerp,interphrc,String,String,,Interpretation,0,1,0,0,Dominant Condition,,1,,,,,,,,0,
141,Gravel Source (WA),cointerp,interphrc,String,String,,Interpretation,0,1,0,0,Dominant Condition,,1,,,,,,,,0,
589,Gravity Full Depth Septic System (DE),cointerp,interphrc,String,String,,Interpretation,0,1,0,0,Dominant Condition,,1,,,,,,,,0,
632,Ground Penetrating Radar Penetration,cointerp,interphrc,String,String,,Interpretation,0,1,0,0,Dominant Condition,,1,,,,,,,,0,
2885,Guineagrass Suitability,cointerp,interphrc,String,Float,,Interpretation,0,1,0,0,Weighted Average,,1,,,,,,,,0,
39,Harvest Equipment Operability,cointerp,interphrc,String,String,,Interpretation,0,1,0,0,Dominant Condition,,1,,,,,,,,0,
353,Harvest Equipment Operability (MD),cointerp,interphrc,String,String,,Interpretation,0,1,0,0,Dominant Condition,,1,,,,,,,,0,
2664,Harvest Equipment Operability (ME),cointerp,interphrc,String,String,,Interpretation,0,1,0,0,Dominant Condition,,1,,,,,,,,0,
362,Harvest Equipment Operability (MI),cointerp,interphrc,String,String,,Interpretation,0,1,0,0,Dominant Condition,,1,,,,,,,,0,
251,Harvest Equipment Operability (OH),cointerp,interphrc,String,String,,Interpretation,0,1,0,0,Dominant Condition,,1,,,,,,,,0,
415,Harvest Equipment Operability (VT),cointerp,interphrc,String,String,,Interpretation,0,1,0,0,Dominant Condition,,1,,,,,,,,0,
2915,Heavy Use Area Protection (561),cointerp,interphrc,String,String,,Interpretation,0,1,0,0,Dominant Condition,,1,,,,,,,,0,
110,Helicopter Landing Zones,cointerp,interphrc,string,string,,Interpretation,0,1,0,0,Dominant Condition,,1,,,,,,,,0,
2661,Hops Site Suitability (WA),cointerp,interphrc,String,String,,Interpretation,0,1,0,0,Dominant Condition,,1,,,,,,,,0,
2920,Hybrid Wine Grape Varieties Site Suitability (Long),cointerp,interphrc,String,String,,Interpretation,0,1,0,0,Dominant Condition,,1,,,,,,,,0,
2921,Hybrid Wine Grape Varieties Site Suitability (Medium),cointerp,interphrc,String,String,,Interpretation,0,1,0,0,Dominant Condition,,1,,,,,,,,0,
2922,Hybrid Wine Grape Varieties Site Suitability (Short),cointerp,interphrc,String,String,,Interpretation,0,1,0,0,Dominant Condition,,1,,,,,,,,0,
2672,ISDH Septic Tank Absorption Field (IN),cointerp,interphrc,String,String,,Interpretation,0,1,0,0,Dominant Condition,,1,,,,,,,,0,
2825,"Infiltration Systems, Deep",cointerp,interphrc,String,String,,Interpretation,0,1,0,0,Dominant Condition,,1,,,,,,,,0,
2826,"Infiltration Systems, Shallow",cointerp,interphrc,String,String,,Interpretation,0,1,0,0,Dominant Condition,,1,,,,,,,,0,
2707,Inland Wetlands (CT),cointerp,interphrc,String,String,,Interpretation,0,1,0,0,Dominant Component,,1,,,,,,,,0,
287,Irr Domestic Grasses and Legumes for Food and Cover (TX),cointerp,interphrc,String,String,,Interpretation,0,1,0,0,Dominant Condition,,1,,,,,,,,0,
153,Irrigated Freshwater Wetland Plants (TX),cointerp,interphrc,String,String,,Interpretation,0,1,0,0,Dominant Condition,,1,,,,,,,,0,
289,Irrigated Grain and Seed Crops for Food and Cover (TX),cointerp,interphrc,String,String,,Interpretation,0,1,0,0,Dominant Condition,,1,,,,,,,,0,
290,Irrigated Saline Water Wetland Plants (TX),cointerp,interphrc,String,String,,Interpretation,0,1,0,0,Dominant Condition,,1,,,,,,,,0,
2882,Irrigation Suitability (NM),cointerp,interphrc,String,String,,Interpretation,0,1,0,0,Dominant Condition,,1,,,,,,,,0,
386,"Irrigation, General",cointerp,interphrc,String,String,,Interpretation,0,1,0,0,Dominant Condition,,1,,,,,,,,0,
387,"Irrigation, Micro (Above Ground)",cointerp,interphrc,String,String,,Interpretation,0,1,0,0,Dominant Condition,,1,,,,,,,,0,
388,"Irrigation, Micro (Subsurface Drip)",cointerp,interphrc,String,String,,Interpretation,0,1,0,0,Dominant Condition,,1,,,,,,,,0,
474,"Irrigation, Micro (above ground) (VT)",cointerp,interphrc,String,String,,Interpretation,0,1,0,0,Dominant Condition,,1,,,,,,,,0,
475,"Irrigation, Micro (subsurface drip) (VT)",cointerp,interphrc,String,String,,Interpretation,0,1,0,0,Dominant Condition,,1,,,,,,,,0,
476,"Irrigation, Sprinkler  (VT)",cointerp,interphrc,String,String,,Interpretation,0,1,0,0,Dominant Condition,,1,,,,,,,,0,
389,"Irrigation, Sprinkler (Close Spaced Drops)",cointerp,interphrc,String,String,,Interpretation,0,1,0,0,Dominant Condition,,1,,,,,,,,0,
390,"Irrigation, Sprinkler (General)",cointerp,interphrc,String,String,,Interpretation,0,1,0,0,Dominant Condition,,1,,,,,,,,0,
391,"Irrigation, Surface (Graded)",cointerp,interphrc,String,String,,Interpretation,0,1,0,0,Dominant Condition,,1,,,,,,,,0,
392,"Irrigation, Surface (Level)",cointerp,interphrc,String,String,,Interpretation,0,1,0,0,Dominant Condition,,1,,,,,,,,0,
2683,Juniper Encroachment Potential (NM),cointerp,interphrc,String,String,,Interpretation,0,1,0,0,Dominant Condition,,1,,,,,,,,0,
496,Land Application of Manure (TX),cointerp,interphrc,String,String,,Interpretation,0,1,0,0,Dominant Condition,,1,,,,,,,,0,
2843,Land Application of Milk (CT),cointerp,interphrc,String,String,,Interpretation,0,1,0,0,Dominant Condition,,1,,,,,,,,0,
511,"Land Application of Municipal Biosolids, spring (OR)",cointerp,interphrc,String,String,,Interpretation,0,1,0,0,Dominant Condition,,1,,,,,,,,0,
513,"Land Application of Municipal Biosolids, summer (OR)",cointerp,interphrc,String,String,,Interpretation,0,1,0,0,Dominant Condition,,1,,,,,,,,0,
512,"Land Application of Municipal Biosolids, winter, (OR)",cointerp,interphrc,String,String,,Interpretation,0,1,0,0,Dominant Condition,,1,,,,,,,,0,
17,Land Application of Municipal Sewage Sludge,cointerp,interphrc,String,String,,Interpretation,0,1,0,0,Dominant Condition,,1,,,,,,,,0,
337,Land Application of Municipal Sewage Sludge (MD),cointerp,interphrc,String,String,,Interpretation,0,1,0,0,Dominant Condition,,1,,,,,,,,0,
255,Land Application of Municipal Sewage Sludge (OH),cointerp,interphrc,String,String,,Interpretation,0,1,0,0,Dominant Condition,,1,,,,,,,,0,
226,Land Application of Municipal Sewage Sludge (TX),cointerp,interphrc,String,String,,Interpretation,0,1,0,0,Dominant Condition,,1,,,,,,,,0,
412,Land Application of Municipal Sewage Sludge (VT),cointerp,interphrc,String,String,,Interpretation,0,1,0,0,Dominant Condition,,1,,,,,,,,0,
2714,Land Utilization of Dredged Materials,cointerp,interphrc,String,String,,Interpretation,0,1,0,0,Dominant Condition,,1,,,,,,,,0,
2704,"Large Animal Disposal, Pit (CT)",cointerp,interphrc,String,String,,Interpretation,0,1,0,0,Dominant Component,,1,,,,,,,,0,
473,"Large Animal Disposal, Pit (MN)",cointerp,interphrc,String,String,,Interpretation,0,1,0,0,Dominant Condition,,1,,,,,,,,0,
2705,"Large Animal Disposal, Trench (CT)",cointerp,interphrc,String,String,,Interpretation,0,1,0,0,Dominant Component,,1,,,,,,,,0,
393,Lawns and Landscaping (OH),cointerp,interphrc,String,String,,Interpretation,0,1,0,0,Dominant Condition,,1,,,,,,,,0,
490,Lawns and Ornamental Plantings (TX),cointerp,interphrc,String,String,,Interpretation,0,1,0,0,Dominant Condition,,1,,,,,,,,0,
40,"Lawns, Landscaping, and Golf Fairways",cointerp,interphrc,String,String,,Interpretation,0,1,0,0,Dominant Condition,,1,,,,,,,,0,
360,"Lawns, Landscaping, and Golf Fairways (MI)",cointerp,interphrc,String,String,,Interpretation,0,1,0,0,Dominant Condition,,1,,,,,,,,0,
2842,Limitations for Aerobic Soil Organisms,cointerp,interphrc,String,String,,Interpretation,0,1,0,0,Dominant Condition,,1,,,,,,,,0,
2696,Lined Retention Systems,cointerp,interphrc,String,String,,Interpretation,0,1,0,0,Dominant Condition,,1,,,,,,,,0,
93,Local Roads and Streets,cointerp,interphrc,String,String,,Interpretation,0,1,0,0,Dominant Condition,,1,,,,,,,,0,
317,Local Roads and Streets (GA),cointerp,interphrc,String,String,,Interpretation,0,1,0,0,Dominant Condition,,1,,,,,,,,0,
168,Local Roads and Streets (OH),cointerp,interphrc,String,String,,Interpretation,0,1,0,0,Dominant Condition,,1,,,,,,,,0,
2888,Longleaf Pine Suitability,cointerp,interphrc,String,String,,Interpretation,0,1,0,0,Dominant Component,,1,,,,,,,,0,
591,Low Pressure Pipe Septic System (DE),cointerp,interphrc,String,String,,Interpretation,0,1,0,0,Dominant Condition,,1,,,,,,,,0,
497,Manure Stacking Site (TX),cointerp,interphrc,String,String,,Interpretation,0,1,0,0,Dominant Condition,,1,,,,,,,,0,
29,Manure and Food-Processing Waste,cointerp,interphrc,String,String,,Interpretation,0,1,0,0,Dominant Condition,,1,,,,,,,,0,
347,Manure and Food-Processing Waste (MD),cointerp,interphrc,String,String,,Interpretation,0,1,0,0,Dominant Condition,,1,,,,,,,,0,
256,Manure and Food-Processing Waste (OH),cointerp,interphrc,String,String,,Interpretation,0,1,0,0,Dominant Condition,,1,,,,,,,,0,
411,Manure and Food-Processing Waste (VT),cointerp,interphrc,String,String,,Interpretation,0,1,0,0,Dominant Condition,,1,,,,,,,,0,
45,Mechanical Site Preparation (Deep),cointerp,interphrc,String,String,,Interpretation,0,1,0,0,Dominant Condition,,1,,,,,,,,0,
355,Mechanical Site Preparation (Deep) (MD),cointerp,interphrc,String,String,,Interpretation,0,1,0,0,Dominant Condition,,1,,,,,,,,0,
36,Mechanical Site Preparation (Surface),cointerp,interphrc,String,String,,Interpretation,0,1,0,0,Dominant Condition,,1,,,,,,,,0,
356,Mechanical Site Preparation (Surface) (MD),cointerp,interphrc,String,String,,Interpretation,0,1,0,0,Dominant Condition,,1,,,,,,,,0,
364,Mechanical Site Preparation (Surface) (MI),cointerp,interphrc,String,String,,Interpretation,0,1,0,0,Dominant Condition,,1,,,,,,,,0,
253,Mechanical Site Preparation (Surface) (OH),cointerp,interphrc,String,String,,Interpretation,0,1,0,0,Dominant Condition,,1,,,,,,,,0,
2667,Mechanical Site Preparation( Surface) (ME),cointerp,interphrc,String,String,,Interpretation,0,1,0,0,Dominant Component,,1,,,,,,,,0,
449,"Mechanical Treatment, Rolling Drum",cointerp,interphrc,String,String,,Interpretation,0,1,0,0,Dominant Condition,,1,,,,,,,,0,
450,"Mechanical Treatment, Shredder",cointerp,interphrc,String,String,,Interpretation,0,1,0,0,Dominant Condition,,1,,,,,,,,0,
451,Medusahead Invasion Susceptibility,cointerp,interphrc,String,String,,Interpretation,0,1,0,0,Dominant Condition,,1,,,,,,,,0,
485,Metal Pole Barns (TX),cointerp,interphrc,String,String,,Interpretation,0,1,0,0,Dominant Condition,,1,,,,,,,,0,
2718,Mooring Anchor - Deadweight,cointerp,interphrc,String,String,,Interpretation,0,1,0,0,Dominant Condition,,1,,,,,,,,0,
2719,Mooring Anchor - Mushroom,cointerp,interphrc,String,String,,Interpretation,0,1,0,0,Dominant Condition,,1,,,,,,,,0,
344,Mulch Tillage (TX),cointerp,interphrc,String,String,,Interpretation,0,1,0,0,Dominant Condition,,1,,,,,,,,0,
2923,Muscadine Wine Grape Site Suitability (Very Long),cointerp,interphrc,String,String,,Interpretation,0,1,0,0,Dominant Condition,,1,,,,,,,,0,
2689,NCCPI Corn Productivity,cointerp,interphrc,String,Float,,Interpretation,0,1,0,0,Weighted Average,,1,,,,,,,,0,
2691,NCCPI Cotton Productivity,cointerp,interphrc,String,Float,,Interpretation,0,1,0,0,Weighted Average,,1,,,,,,,,0,
2692,NCCPI Small Grains Productivity,cointerp,interphrc,String,Float,,Interpretation,0,1,0,0,Weighted Average,,1,,,,,,,,0,
2690,NCCPI Soybeans Productivity,cointerp,interphrc,String,Float,,Interpretation,0,1,0,0,Weighted Average,,1,,,,,,,,0,
2685,National Commodity Crop Productivity Index,cointerp,interphrc,String,Float,,Interpretation,0,1,0,0,Weighted Average,,1,,,,,,,,0,
2880,Natural Soil Groups (CT),cointerp,interphrc,String,String,,Interpretation,0,1,0,0,Dominant Condition,,1,,,,,,,,0,
524,"Nitrate Leaching Potential, Irrigated",cointerp,interphrc,String,String,,Interpretation,0,1,0,0,Dominant Condition,,1,,,,,,,,0,
525,"Nitrate Leaching Potential, Nonirrigated",cointerp,interphrc,String,String,,Interpretation,0,1,0,0,Dominant Condition,,1,,,,,,,,0,
599,"Nitrate Leaching Potential, Nonirrigated (MT)",cointerp,interphrc,String,String,,Interpretation,0,1,0,0,Dominant Condition,,1,,,,,,,,0,
2827,"Nitrate Leaching Potential, Nonirrigated (WV)",cointerp,interphrc,String,String,,Interpretation,0,1,0,0,Dominant Condition,,1,,,,,,,,0,
2710,Nitrate-Nitrogen Leaching Potential (MA),cointerp,interphrc,String,String,,Interpretation,0,1,0,0,Dominant Component,,1,,,,,,,,0,
342,No-Till (TX),cointerp,interphrc,String,String,,Interpretation,0,1,0,0,Dominant Condition,,1,,,,,,,,0,
402,No-Till (VT),cointerp,interphrc,String,String,,Interpretation,0,1,0,0,Dominant Component,,-1,,,,,,,,0,
341,"No-Till, Drained (TX)",cointerp,interphrc,String,String,,Interpretation,0,1,0,0,Dominant Condition,,1,,,,,,,,0,
2717,Northern Quahog (Hard Clam) Habitat Suitability,cointerp,interphrc,String,String,,Interpretation,0,1,0,0,Dominant Condition,,1,,,,,,,,0,
48,Off-Road Motorcycle Trails,cointerp,interphrc,String,String,,Interpretation,0,1,0,0,Dominant Condition,,1,,,,,,,,0,
173,Off-Road Motorcycle Trails (OH),cointerp,interphrc,String,String,,Interpretation,0,1,0,0,Dominant Condition,,1,,,,,,,,0,
424,On-Site Waste Water Absorption Fields (MO),cointerp,interphrc,String,String,,Interpretation,0,1,0,0,Dominant Condition,,-1,,,,,,,,0,
425,On-Site Waste Water Lagoons (MO),cointerp,interphrc,String,String,,Interpretation,0,1,0,0,Dominant Condition,,-1,,,,,,,,0,
2752,Organic Matter Depletion,cointerp,interphrc,String,String,,Interpretation,0,1,0,0,Dominant Condition,,1,,,,,,,,0,
64,Overland Flow Treatment of Wastewater,cointerp,interphrc,String,String,,Interpretation,0,1,0,0,Dominant Condition,,1,,,,,,,,0,
408,Overland Flow Treatment of Wastewater (VT),cointerp,interphrc,String,String,,Interpretation,0,1,0,0,Dominant Condition,,1,,,,,,,,0,
2884,PFAS Attenuation in Soils,cointerp,interphrc,String,String,,Interpretation,0,1,0,0,Dominant Condition,,1,,,,,,,,0,
2891,PFAS Movement Classes,cointerp,interphrc,String,String,,Interpretation,0,1,0,0,Dominant Condition,,1,,,,,,,,0,
2853,Pasture and Hayland Suitability Group 2 (OH),cointerp,interphrc,String,String,,Interpretation,0,1,0,0,Dominant Condition,,-1,,,,,,,,0,
1640,Pasture hayland (MO),cointerp,interphrc,String,String,,Interpretation,0,1,0,0,Dominant Component,,-1,,,,,,,,0,
1,Paths and Trails,cointerp,interphrc,String,String,,Interpretation,0,1,0,0,Dominant Condition,,1,,,,,,,,0,
332,Paths and Trails (GA),cointerp,interphrc,String,String,,Interpretation,0,1,0,0,Dominant Condition,,1,,,,,,,,0,
372,Paths and Trails (MI),cointerp,interphrc,String,String,,Interpretation,0,1,0,0,Dominant Condition,,1,,,,,,,,0,
172,Paths and Trails (OH),cointerp,interphrc,String,String,,Interpretation,0,1,0,0,Dominant Condition,,1,,,,,,,,0,
2824,Peony Flowers Site Suitability (AK),cointerp,interphrc,String,String,,Interpretation,0,1,0,0,Dominant Condition,,1,,,,,,,,0,
2787,Permafrost Sensitivity (AK),cointerp,interphrc,String,String,,Interpretation,0,1,0,0,Dominant Condition,,1,,,,,,,,0,
628,Pesticide Leaching Potential,cointerp,interphrc,String,String,,Interpretation,0,1,0,0,Dominant Condition,,1,,,,,,,,0,
629,Pesticide Runoff Potential,cointerp,interphrc,String,String,,Interpretation,0,1,0,0,Dominant Condition,,1,,,,,,,,0,
2768,"Pesticide and Nutrient Leaching Potential, NIRR (ND)",cointerp,interphrc,String,String,,Interpretation,0,1,0,0,Dominant Condition,,1,,,,,,,,0,
2769,Pesticide and Nutrient Runoff Potential (ND),cointerp,interphrc,String,String,,Interpretation,0,1,0,0,Dominant Condition,,1,,,,,,,,0,
498,Phosphorus Index,cointerp,interphrc,String,String,,Interpretation,0,1,0,0,Dominant Condition,,1,,,,,,,,0,
27,Picnic Areas,cointerp,interphrc,String,String,,Interpretation,0,1,0,0,Dominant Condition,,1,,,,,,,,0,
331,Picnic Areas (GA),cointerp,interphrc,String,String,,Interpretation,0,1,0,0,Dominant Condition,,1,,,,,,,,0,
371,Picnic Areas (MI),cointerp,interphrc,String,String,,Interpretation,0,1,0,0,Dominant Condition,,1,,,,,,,,0,
171,Picnic Areas (OH),cointerp,interphrc,String,String,,Interpretation,0,1,0,0,Dominant Condition,,1,,,,,,,,0,
494,Pier-beam Building Foundations (TX),cointerp,interphrc,String,String,,Interpretation,0,1,0,0,Dominant Condition,,1,,,,,,,,0,
2890,Plantains Productivity,cointerp,interphrc,String,Float,,Interpretation,0,1,0,0,Weighted Average,,1,,,,,,,,0,
38,Playgrounds,cointerp,interphrc,String,String,,Interpretation,0,1,0,0,Dominant Condition,,1,,,,,,,,0,
2859,Playgrounds (AK),cointerp,interphrc,String,String,,Interpretation,0,1,0,0,Dominant Condition,,1,,,,,,,,0,
334,Playgrounds (GA),cointerp,interphrc,String,String,,Interpretation,0,1,0,0,Dominant Condition,,1,,,,,,,,0,
370,Playgrounds (MI),cointerp,interphrc,String,String,,Interpretation,0,1,0,0,Dominant Condition,,1,,,,,,,,0,
170,Playgrounds (OH),cointerp,interphrc,String,String,,Interpretation,0,1,0,0,Dominant Condition,,1,,,,,,,,0,
367,Pond Reservoir Area (MI),cointerp,interphrc,String,String,,Interpretation,0,1,0,0,Dominant Condition,,1,,,,,,,,0,
258,Pond Reservoir Area (OH),cointerp,interphrc,String,String,,Interpretation,0,1,0,0,Dominant Condition,,1,,,,,,,,0,
33,Pond Reservoir Areas,cointerp,interphrc,String,String,,Interpretation,0,1,0,0,Dominant Condition,,1,,,,,,,,0,
405,Pond Reservoir Areas (VT),cointerp,interphrc,String,String,,Interpretation,0,1,0,0,Dominant Condition,,1,,,,,,,,0,
2823,Potatoes Productivity Index (AK),cointerp,interphrc,String,String,,Interpretation,0,1,0,0,Dominant Condition,,1,,,,,,,,0,
2786,"Potential Erosion Hazard, Road and Trail, Spring Thaw (AK)",cointerp,interphrc,String,String,,Interpretation,0,1,0,0,Dominant Condition,,1,,,,,,,,0,
2702,Potential Mobility of Road Salt (CT),cointerp,interphrc,String,String,,Interpretation,0,1,0,0,Dominant Component,,-1,,,,,,,,0,
374,Potential Windthrow Hazard (MI),cointerp,interphrc,String,String,,Interpretation,0,1,0,0,Dominant Condition,,1,,,,,,,,0,
10,Potential for Damage by Fire,cointerp,interphrc,String,String,,Interpretation,0,1,0,0,Dominant Condition,,1,,,,,,,,0,
228,Potential for Damage by Fire (OH),cointerp,interphrc,String,String,,Interpretation,0,1,0,0,Dominant Condition,,1,,,,,,,,0,
56,Potential for Seedling Mortality,cointerp,interphrc,String,String,,Interpretation,0,1,0,0,Dominant Condition,,1,,,,,,,,0,
2668,Potential for Seedling Mortality (ME),cointerp,interphrc,String,String,,Interpretation,0,1,0,0,Dominant Component,,1,,,,,,,,0,
375,Potential for Seedling Mortality (MI),cointerp,interphrc,String,String,,Interpretation,0,1,0,0,Dominant Condition,,1,,,,,,,,0,
230,Potential for Seedling Mortality (OH),cointerp,interphrc,String,String,,Interpretation,0,1,0,0,Dominant Condition,,1,,,,,,,,0,
418,Potential for Seedling Mortality (VT),cointerp,interphrc,String,String,,Interpretation,0,1,0,0,Dominant Condition,,1,,,,,,,,0,
2651,Potential for Windthrow (NY),cointerp,interphrc,String,String,,Interpretation,0,1,0,0,Dominant Condition,,1,,,,,,,,0,
419,Potential for Windthrow (VT),cointerp,interphrc,String,String,,Interpretation,0,1,0,0,Dominant Condition,,1,,,,,,,,0,
588,Pressure Dose Capping Fill Septic System (DE),cointerp,interphrc,String,String,,Interpretation,0,1,0,0,Dominant Condition,,1,,,,,,,,0,
593,Pressure Dose Full Depth Septic System (DE),cointerp,interphrc,String,String,,Interpretation,0,1,0,0,Dominant Condition,,1,,,,,,,,0,
556,"Prod Index - Alfalfa Hay - Palouse, Northern Rocky Mtns (ID)",cointerp,interphrc,String,String,,Interpretation,0,1,0,0,Dominant Condition,,1,,,,,,,,0,
557,"Prod Index - Alfalfa Hay - Palouse, Northern Rocky Mtns (WA)",cointerp,interphrc,String,String,,Interpretation,0,1,0,0,Dominant Condition,,1,,,,,,,,0,
570,"Prod Index - Alfalfa Hay, IRR - Eastern Idaho Plateaus (ID)",cointerp,interphrc,String,String,,Interpretation,0,1,0,0,Dominant Condition,,1,,,,,,,,0,
2699,"Prod Index - Alfalfa Hay, IRR - Klamath Valleys (OR)",cointerp,interphrc,String,String,,Interpretation,0,1,0,0,Dominant Condition,,1,,,,,,,,0,
571,"Prod Index - Alfalfa Hay, IRR - Snake River Plains (ID)",cointerp,interphrc,String,String,,Interpretation,0,1,0,0,Dominant Condition,,-1,,,,,,,,0,
572,"Prod Index - Alfalfa Hay, NIRR- Eastern Idaho Plateaus (ID)",cointerp,interphrc,String,String,,Interpretation,0,1,0,0,Dominant Condition,,-1,,,,,,,,0,
574,"Prod Index - Barley, NIRR - Eastern Idaho Plateaus (ID)",cointerp,interphrc,String,String,,Interpretation,0,1,0,0,Dominant Condition,,-1,,,,,,,,0,
558,"Prod Index - Grass Hay - Palouse, Northern Rocky Mtns (ID)",cointerp,interphrc,String,String,,Interpretation,0,1,0,0,Dominant Condition,,1,,,,,,,,0,
559,"Prod Index - Grass Hay - Palouse, Northern Rocky Mtns (WA)",cointerp,interphrc,String,String,,Interpretation,0,1,0,0,Dominant Condition,,1,,,,,,,,0,
575,"Prod Index - Grass Hay, IRR - Eastern Idaho Plateaus (ID)",cointerp,interphrc,String,String,,Interpretation,0,1,0,0,Dominant Condition,,-1,,,,,,,,0,
2700,"Prod Index - Grass Hay, IRR - Klamath Valleys (OR)",cointerp,interphrc,String,String,,Interpretation,0,1,0,0,Dominant Condition,,1,,,,,,,,0,
2701,"Prod Index - Grass Hay, NIRR - Klamath Valleys (OR)",cointerp,interphrc,String,String,,Interpretation,0,1,0,0,Dominant Condition,,1,,,,,,,,0,
576,"Prod Index - Potatoes, IRR - Eastern Idaho Plateaus (ID)",cointerp,interphrc,String,String,,Interpretation,0,1,0,0,Dominant Condition,,-1,,,,,,,,0,
577,"Prod Index - Potatoes, IRR - Snake River Plains (ID)",cointerp,interphrc,String,String,,Interpretation,0,1,0,0,Dominant Condition,,1,,,,,,,,0,
560,Prod Index - Small Grains - Palouse Prairies (ID),cointerp,interphrc,String,String,,Interpretation,0,1,0,0,Dominant Condition,,1,,,,,,,,0,
561,Prod Index - Small Grains - Palouse Prairies (OR),cointerp,interphrc,String,String,,Interpretation,0,1,0,0,Dominant Condition,,1,,,,,,,,0,
562,Prod Index - Small Grains - Palouse Prairies (WA),cointerp,interphrc,String,String,,Interpretation,0,1,0,0,Dominant Condition,,1,,,,,,,,0,
578,"Prod Index - Small Grains, IRR - Snake River Plains (ID)",cointerp,interphrc,String,String,,Interpretation,0,1,0,0,Dominant Condition,,-1,,,,,,,,0,
579,"Prod Index - Small Grains, NIRR - Snake River Plains (ID)",cointerp,interphrc,String,String,,Interpretation,0,1,0,0,Dominant Condition,,-1,,,,,,,,0,
580,"Prod Index - Wheat, IRR - Eastern Idaho Plateaus (ID)",cointerp,interphrc,String,String,,Interpretation,0,1,0,0,Dominant Condition,,-1,,,,,,,,0,
581,"Prod Index - Wheat, NIRR - Eastern Idaho Plateaus (ID)",cointerp,interphrc,String,String,,Interpretation,0,1,0,0,Dominant Condition,,-1,,,,,,,,0,
563,"Prod Index - Wild Hay - Palouse, Northern Rocky Mtns (ID)",cointerp,interphrc,String,String,,Interpretation,0,1,0,0,Dominant Condition,,1,,,,,,,,0,
564,"Prod Index - Wild Hay - Palouse, Northern Rocky Mtns (WA)",cointerp,interphrc,String,String,,Interpretation,0,1,0,0,Dominant Condition,,-1,,,,,,,,0,
582,"Prod Index - Wild Hay, NIRR - Eastern Idaho Plateaus (ID)",cointerp,interphrc,String,String,,Interpretation,0,1,0,0,Dominant Condition,,-1,,,,,,,,0,
2653,Puddling Potential (WA),cointerp,interphrc,String,String,,Interpretation,0,1,0,0,Dominant Condition,,1,,,,,,,,0,
452,Pygmy Rabbit Habitat Potential,cointerp,interphrc,String,String,,Interpretation,0,1,0,0,Dominant Condition,,1,,,,,,,,0,
463,Ranch Access Roads (TX),cointerp,interphrc,String,String,,Interpretation,0,1,0,0,Dominant Condition,,1,,,,,,,,0,
464,Rangeland Chaining (TX),cointerp,interphrc,String,String,,Interpretation,0,1,0,0,Dominant Condition,,1,,,,,,,,0,
465,Rangeland Discing (TX),cointerp,interphrc,String,String,,Interpretation,0,1,0,0,Dominant Condition,,1,,,,,,,,0,
466,Rangeland Dozing or Grubbing (TX),cointerp,interphrc,String,String,,Interpretation,0,1,0,0,Dominant Condition,,1,,,,,,,,0,
453,Rangeland Drill,cointerp,interphrc,String,String,,Interpretation,0,1,0,0,Dominant Condition,,1,,,,,,,,0,
467,Rangeland Planting by Mechanical Seeding (TX),cointerp,interphrc,String,String,,Interpretation,0,1,0,0,Dominant Condition,,1,,,,,,,,0,
468,Rangeland Prescribed Burning (TX),cointerp,interphrc,String,String,,Interpretation,0,1,0,0,Dominant Condition,,1,,,,,,,,0,
469,Rangeland Roller Chopping (TX),cointerp,interphrc,String,String,,Interpretation,0,1,0,0,Dominant Condition,,1,,,,,,,,0,
470,Rangeland Root Plowing (TX),cointerp,interphrc,String,String,,Interpretation,0,1,0,0,Dominant Condition,,1,,,,,,,,0,
2935,Rangeland Seeding Suitability (OR),cointerp,interphrc,String,String,,Interpretation,0,1,0,0,Dominant Condition,,1,,,,,,,,0,
454,"Rangeland Seeding, Colorado Plateau Ecoregion",cointerp,interphrc,String,String,,Interpretation,0,1,0,0,Dominant Condition,,1,,,,,,,,0,
455,"Rangeland Seeding, Great Basin Ecoregion",cointerp,interphrc,String,String,,Interpretation,0,1,0,0,Dominant Condition,,1,,,,,,,,0,
2876,Rangeland Soil Seed Bank Suitability (NM),cointerp,interphrc,String,String,,Interpretation,0,1,0,0,Dominant Condition,,1,,,,,,,,0,
456,Rangeland Tillage,cointerp,interphrc,String,String,,Interpretation,0,1,0,0,Dominant Condition,,1,,,,,,,,0,
2745,Reclamation Suitability (MT),cointerp,interphrc,String,String,,Interpretation,0,1,0,0,Dominant Condition,,1,,,,,,,,0,
2852,Reclamation Suitability (ND),cointerp,interphrc,String,String,,Interpretation,0,1,0,0,Dominant Condition,,1,,,,,,,,0,
489,Reinforced Concrete Slab (TX),cointerp,interphrc,String,String,,Interpretation,0,1,0,0,Dominant Condition,,1,,,,,,,,0,
2828,"Retention Systems, Lined",cointerp,interphrc,String,String,,Interpretation,0,1,0,0,Dominant Condition,,1,,,,,,,,0,
2829,"Retention Systems, Unlined",cointerp,interphrc,String,String,,Interpretation,0,1,0,0,Dominant Condition,,1,,,,,,,,0,
340,Ridge Tillage (TX),cointerp,interphrc,String,String,,Interpretation,0,1,0,0,Dominant Condition,,1,,,,,,,,0,
291,Riparian Herbaceous Plants (TX),cointerp,interphrc,String,String,,Interpretation,0,1,0,0,Dominant Condition,,1,,,,,,,,0,
292,"Riparian Shrubs, Vines, and Trees (TX)",cointerp,interphrc,String,String,,Interpretation,0,1,0,0,Dominant Condition,,1,,,,,,,,0,
21,Roadfill Source,cointerp,interphrc,String,String,,Interpretation,0,1,0,0,Dominant Condition,,1,,,,,,,,0,
2861,Roadfill Source (AK),cointerp,interphrc,String,String,,Interpretation,0,1,0,0,Dominant Condition,,1,,,,,,,,0,
310,Roadfill Source (GA),cointerp,interphrc,String,String,,Interpretation,0,1,0,0,Dominant Condition,,1,,,,,,,,0,
166,Roadfill Source (OH),cointerp,interphrc,String,String,,Interpretation,0,1,0,0,Dominant Condition,,1,,,,,,,,0,
275,"Rubble and Debris Disposal, Large-Scale Event",cointerp,interphrc,String,String,,Interpretation,0,1,0,0,Dominant Condition,,1,,,,,,,,0,
345,"Rutting Resistance, 10,000 Pounds or less (TX)",cointerp,interphrc,String,String,,Interpretation,0,1,0,0,Dominant Condition,,1,,,,,,,,0,
346,"Rutting Resistance, more than 10,000 Pounds (TX)",cointerp,interphrc,String,String,,Interpretation,0,1,0,0,Dominant Condition,,1,,,,,,,,0,
293,Saline Water Wetland Plants (TX),cointerp,interphrc,String,String,,Interpretation,0,1,0,0,Dominant Condition,,1,,,,,,,,0,
2838,Salinity Risk Index (ND),cointerp,interphrc,String,Float,,Interpretation,0,1,0,0,Weighted Average,,1,,,,,,,,0,
2910,Salinization Due to Saltwater Encroachment,cointerp,interphrc,String,String,,Interpretation,0,1,0,0,Dominant Condition,,1,,,,,,,,0,
2844,Salinization due to Coastal Saltwater Inundation (CT),cointerp,interphrc,String,String,,Interpretation,0,1,0,0,Dominant Condition,,-1,,,,,,,,0,
79,Sand Source,cointerp,interphrc,String,String,,Interpretation,0,1,0,0,Dominant Condition,,1,,,,,,,,0,
2862,Sand Source (AK),cointerp,interphrc,String,String,,Interpretation,0,1,0,0,Dominant Condition,,1,,,,,,,,0,
316,Sand Source (GA),cointerp,interphrc,String,String,,Interpretation,0,1,0,0,Dominant Condition,,1,,,,,,,,0,
136,Sand Source (ID),cointerp,interphrc,String,String,,Interpretation,0,1,0,0,Dominant Condition,,1,,,,,,,,0,
193,Sand Source (IN),cointerp,interphrc,String,String,,Interpretation,0,1,0,0,Dominant Condition,,1,,,,,,,,0,
224,Sand Source (MN),cointerp,interphrc,String,String,,Interpretation,0,1,0,0,Dominant Condition,,1,,,,,,,,0,
222,Sand Source (NY),cointerp,interphrc,String,String,,Interpretation,0,1,0,0,Dominant Condition,,1,,,,,,,,0,
165,Sand Source (OH),cointerp,interphrc,String,String,,Interpretation,0,1,0,0,Dominant Condition,,1,,,,,,,,0,
137,Sand Source (OR),cointerp,interphrc,String,String,,Interpretation,0,1,0,0,Dominant Condition,,1,,,,,,,,0,
404,Sand Source (VT),cointerp,interphrc,String,String,,Interpretation,0,1,0,0,Dominant Condition,,1,,,,,,,,0,
138,Sand Source (WA),cointerp,interphrc,String,String,,Interpretation,0,1,0,0,Dominant Condition,,1,,,,,,,,0,
62,Sanitary Landfill (Area),cointerp,interphrc,String,String,,Interpretation,0,1,0,0,Dominant Condition,,1,,,,,,,,0,
169,Sanitary Landfill (Area) (OH),cointerp,interphrc,String,String,,Interpretation,0,1,0,0,Dominant Condition,,1,,,,,,,,0,
90,Sanitary Landfill (Trench),cointerp,interphrc,String,String,,Interpretation,0,1,0,0,Dominant Condition,,1,,,,,,,,0,
179,Sanitary Landfill (Trench) (OH),cointerp,interphrc,String,String,,Interpretation,0,1,0,0,Dominant Condition,,1,,,,,,,,0,
1638,Selenium Leaching Potential (CO),cointerp,interphrc,String,String,,Interpretation,0,1,0,0,Dominant Condition,,1,,,,,,,,0,
426,Sensitive Soils for Nutrient Management (MN),cointerp,interphrc,String,String,,Interpretation,0,1,0,0,Dominant Component,,1,,,,,,,,0,
235,Septage Application - Incorporation or Injection (MN),cointerp,interphrc,String,String,,Interpretation,0,1,0,0,Dominant Condition,,1,,,,,,,,0,
234,Septage Application - Surface (MN),cointerp,interphrc,String,String,,Interpretation,0,1,0,0,Dominant Condition,,1,,,,,,,,0,
195,Septic System AB Soil System (Alternate) (PA),cointerp,interphrc,String,String,,Interpretation,0,1,0,0,Dominant Condition,,1,,,,,,,,0,
196,Septic System At-Grade Bed (Alternate) (PA),cointerp,interphrc,String,String,,Interpretation,0,1,0,0,Dominant Condition,,1,,,,,,,,0,
197,Septic System CO-OP RFS III With At-Grade Bed (PA),cointerp,interphrc,String,String,,Interpretation,0,1,0,0,Dominant Condition,,1,,,,,,,,0,
198,Septic System CO-OP RFS III With Drip Irrigation (PA),cointerp,interphrc,String,String,,Interpretation,0,1,0,0,Dominant Condition,,1,,,,,,,,0,
199,Septic System CO-OP RFS III With Spray Irrigation (PA),cointerp,interphrc,String,String,,Interpretation,0,1,0,0,Dominant Condition,,1,,,,,,,,0,
200,Septic System Drip Irrigation (Alternate) (PA),cointerp,interphrc,String,String,,Interpretation,0,1,0,0,Dominant Condition,,1,,,,,,,,0,
202,Septic System Free-Access Sand Filter - Drip Irrigation (PA),cointerp,interphrc,String,String,,Interpretation,0,1,0,0,Dominant Condition,,1,,,,,,,,0,
203,Septic System Free-Access Sand Filter -Spray Irrigation (PA),cointerp,interphrc,String,String,,Interpretation,0,1,0,0,Dominant Condition,,1,,,,,,,,0,
201,Septic System Free-Access Sand Filter With At-Grade Bed (PA),cointerp,interphrc,String,String,,Interpretation,0,1,0,0,Dominant Condition,,1,,,,,,,,0,
204,Septic System In-Ground Bed (Conventional) (PA),cointerp,interphrc,String,String,,Interpretation,0,1,0,0,Dominant Condition,,1,,,,,,,,0,
205,Septic System In-Ground Trench (Conventional) (PA),cointerp,interphrc,String,String,,Interpretation,0,1,0,0,Dominant Condition,,1,,,,,,,,0,
206,Septic System Modified Subsurface Sand Filter (Alt) (PA),cointerp,interphrc,String,String,,Interpretation,0,1,0,0,Dominant Condition,,1,,,,,,,,0,
207,Septic System Peat Based Option1 (UV-At-Grade Bed) Alt (PA),cointerp,interphrc,String,String,,Interpretation,0,1,0,0,Dominant Condition,,1,,,,,,,,0,
208,Septic System Peat Based Option1 - At-Grade Bed (Alt) (PA),cointerp,interphrc,String,String,,Interpretation,0,1,0,0,Dominant Condition,,1,,,,,,,,0,
210,Septic System Peat Sys Opt3 with Subsurface Sand Filter (PA),cointerp,interphrc,String,String,,Interpretation,0,1,0,0,Dominant Condition,,1,,,,,,,,0,
209,Septic System Peat-Based Option 2 With Spray Irrigation (PA),cointerp,interphrc,String,String,,Interpretation,0,1,0,0,Dominant Condition,,1,,,,,,,,0,
211,Septic System Sand Mound Bed or Trench (PA),cointerp,interphrc,String,String,,Interpretation,0,1,0,0,Dominant Condition,,1,,,,,,,,0,
212,Septic System Shallow Placement Pressure Dosed (Alt) (PA),cointerp,interphrc,String,String,,Interpretation,0,1,0,0,Dominant Condition,,1,,,,,,,,0,
213,Septic System Spray Irrigation (PA),cointerp,interphrc,String,String,,Interpretation,0,1,0,0,Dominant Condition,,1,,,,,,,,0,
214,Septic System Steep Slope Sand Mound (Alternate) (PA),cointerp,interphrc,String,String,,Interpretation,0,1,0,0,Dominant Condition,,1,,,,,,,,0,
215,Septic System Subsurface Sand Filter Bed (Conventional) (PA),cointerp,interphrc,String,String,,Interpretation,0,1,0,0,Dominant Condition,,1,,,,,,,,0,
216,Septic System Subsurface Sand Filter Trench (Standard) (PA),cointerp,interphrc,String,String,,Interpretation,0,1,0,0,Dominant Condition,,1,,,,,,,,0,
502,"Septic System; Disinfection, Surface Application (TX)",cointerp,interphrc,String,String,,Interpretation,0,1,0,0,Dominant Condition,,1,,,,,,,,0,
499,Septic Tank Absorption Field (TX),cointerp,interphrc,String,String,,Interpretation,0,1,0,0,Dominant Condition,,1,,,,,,,,0,
18,Septic Tank Absorption Fields,cointerp,interphrc,String,String,,Interpretation,0,1,0,0,Dominant Condition,,1,,,,,,,,0,
623,Septic Tank Absorption Fields (FL),cointerp,interphrc,String,String,,Interpretation,0,1,0,0,Dominant Condition,,1,,,,,,,,0,
351,Septic Tank Absorption Fields (MD),cointerp,interphrc,String,String,,Interpretation,0,1,0,0,Dominant Condition,,1,,,,,,,,0,
220,Septic Tank Absorption Fields (NY),cointerp,interphrc,String,String,,Interpretation,0,1,0,0,Dominant Condition,,1,,,,,,,,0,
176,Septic Tank Absorption Fields (OH),cointerp,interphrc,String,String,,Interpretation,0,1,0,0,Dominant Condition,,1,,,,,,,,0,
217,Septic Tank Absorption Fields -- At-Grade (MN),cointerp,interphrc,String,String,,Interpretation,0,1,0,0,Dominant Condition,,1,,,,,,,,0,
218,Septic Tank Absorption Fields -- Mound (MN),cointerp,interphrc,String,String,,Interpretation,0,1,0,0,Dominant Condition,,1,,,,,,,,0,
219,Septic Tank Absorption Fields -- Trench (MN),cointerp,interphrc,String,String,,Interpretation,0,1,0,0,Dominant Condition,,1,,,,,,,,0,
504,"Septic Tank, Gravity Disposal (TX)",cointerp,interphrc,String,String,,Interpretation,0,1,0,0,Dominant Condition,,1,,,,,,,,0,
503,"Septic Tank, Leaching Chamber (TX)",cointerp,interphrc,String,String,,Interpretation,0,1,0,0,Dominant Condition,,1,,,,,,,,0,
505,"Septic Tank, Subsurface Drip Irrigation (TX)",cointerp,interphrc,String,String,,Interpretation,0,1,0,0,Dominant Condition,,1,,,,,,,,0,
421,Sewage Disposal (NJ),cointerp,interphrc,String,String,,Interpretation,0,1,0,0,Dominant Condition,,1,,,,,,,,0,
84,Sewage Lagoons,cointerp,interphrc,String,String,,Interpretation,0,1,0,0,Dominant Condition,,1,,,,,,,,0,
177,Sewage Lagoons (OH),cointerp,interphrc,String,String,,Interpretation,0,1,0,0,Dominant Condition,,1,,,,,,,,0,
2771,Sewage Treatment Systems - NEW (OH),cointerp,interphrc,String,String,,Interpretation,0,1,0,0,Dominant Condition,,1,,,,,,,,0,
55,Shallow Excavations,cointerp,interphrc,String,String,,Interpretation,0,1,0,0,Dominant Condition,,1,,,,,,,,0,
161,Shallow Excavations (OH),cointerp,interphrc,String,String,,Interpretation,0,1,0,0,Dominant Condition,,1,,,,,,,,0,
2697,Shallow Infiltration Systems,cointerp,interphrc,String,String,,Interpretation,0,1,0,0,Dominant Condition,,1,,,,,,,,0,
2889,Shortleaf Pine Suitability,cointerp,interphrc,String,String,,Interpretation,0,1,0,0,Dominant Component,,1,,,,,,,,0,
2740,Shortleaf pine littleleaf disease susceptibility,cointerp,interphrc,String,String,,Interpretation,0,1,0,0,Dominant Condition,,1,,,,,,,,0,
457,Site Degradation Susceptibility,cointerp,interphrc,String,String,,Interpretation,0,1,0,0,Dominant Condition,,1,,,,,,,,0,
2681,Slippage Potential (IN),cointerp,interphrc,String,String,,Interpretation,0,1,0,0,Dominant Component,,1,,,,,,,,0,
24,Slow Rate Treatment of Wastewater,cointerp,interphrc,String,String,,Interpretation,0,1,0,0,Dominant Condition,,1,,,,,,,,0,
410,Slow Rate Treatment of Wastewater (VT),cointerp,interphrc,String,String,,Interpretation,0,1,0,0,Dominant Condition,,1,,,,,,,,0,
481,Small Commercial Brick Bldg on Reinfored Concrete Slab (TX),cointerp,interphrc,String,String,,Interpretation,0,1,0,0,Dominant Condition,,1,,,,,,,,0,
5,Small Commercial Buildings,cointerp,interphrc,String,String,,Interpretation,0,1,0,0,Dominant Condition,,1,,,,,,,,0,
160,Small Commercial Buildings (OH),cointerp,interphrc,String,String,,Interpretation,0,1,0,0,Dominant Condition,,1,,,,,,,,0,
484,Small Commercial Metal Bldg on Reinforced Concrete Slab (TX),cointerp,interphrc,String,String,,Interpretation,0,1,0,0,Dominant Condition,,1,,,,,,,,0,
2785,Small Grains Productivity Index (AK),cointerp,interphrc,String,String,,Interpretation,0,1,0,0,Dominant Condition,,1,,,,,,,,0,
2776,Soil Compactibility Risk,cointerp,interphrc,String,String,,Interpretation,0,1,0,0,Dominant Condition,,1,,,,,,,,0,
458,Soil Compaction Resistance,cointerp,interphrc,String,String,,Interpretation,0,1,0,0,Dominant Condition,,1,,,,,,,,0,
2772,Soil Displacement Hazard,cointerp,interphrc,String,String,,Interpretation,0,1,0,0,Dominant Condition,,1,,,,,,,,0,
2798,Soil Habitat for Coccidioides,cointerp,interphrc,String,String,,Interpretation,0,1,0,0,Dominant Condition,,1,,,,,,,,0,
2693,Soil Health Assessment (NJ),cointerp,interphrc,String,String,,Interpretation,0,1,0,0,Dominant Condition,,1,,,,,,,,0,
2773,Soil Puddling Hazard,cointerp,interphrc,String,String,,Interpretation,0,1,0,0,Dominant Condition,,1,,,,,,,,0,
459,Soil Restoration Potential,cointerp,interphrc,String,String,,Interpretation,0,1,0,0,Dominant Condition,,1,,,,,,,,0,
8,Soil Rutting Hazard,cointerp,interphrc,String,String,,Interpretation,0,1,0,0,Dominant Condition,,1,,,,,,,,0,
2662,Soil Rutting Hazard (ME),cointerp,interphrc,String,String,,Interpretation,0,1,0,0,Dominant Component,,1,,,,,,,,0,
229,Soil Rutting Hazard (OH),cointerp,interphrc,String,String,,Interpretation,0,1,0,0,Dominant Condition,,1,,,,,,,,0,
2774,Soil Rutting Hazard by Month,cointerp,interphrc,String,String,,Interpretation,0,1,0,0,Dominant Condition,,1,,,,,,,,0,
2775,Soil Rutting Hazard by Season,cointerp,interphrc,String,String,,Interpretation,0,1,0,0,Dominant Condition,,1,,,,,,,,0,
2762,Soil Suitability - Karner Blue Butterfly (WI),cointerp,interphrc,String,String,,Interpretation,0,1,0,0,Dominant Condition,,1,,,,,,,,0,
2837,Soil Suitability for Aronia Berry (SD),cointerp,interphrc,String,Float,,Interpretation,0,1,0,0,Weighted Average,,1,,,,,,,,0,
2836,Soil Suitability for Industrial Hemp,cointerp,interphrc,String,String,,Interpretation,0,1,0,0,Dominant Condition,,1,,,,,,,,0,
2763,Soil Surface Sealing,cointerp,interphrc,String,String,,Interpretation,0,1,0,0,Dominant Condition,,1,,,,,,,,0,
2764,Soil Susceptibility to Compaction,cointerp,interphrc,String,String,,Interpretation,0,1,0,0,Dominant Condition,,1,,,,,,,,0,
2708,Soil Sustainability Forest Biomass Harvesting (CT),cointerp,interphrc,String,String,,Interpretation,0,1,0,0,Dominant Component,,1,,,,,,,,0,
2830,"Solar Arrays, Ballast Anchor Systems",cointerp,interphrc,String,String,,Interpretation,0,1,0,0,Dominant Condition,,1,,,,,,,,0,
2831,"Solar Arrays, Soil-based Anchor Systems",cointerp,interphrc,String,String,,Interpretation,0,1,0,0,Dominant Condition,,1,,,,,,,,0,
20,Source of Reclamation Material,cointerp,interphrc,String,String,,Interpretation,0,1,0,0,Dominant Condition,,1,,,,,,,,0,
349,Source of Reclamation Material (MD),cointerp,interphrc,String,String,,Interpretation,0,1,0,0,Dominant Condition,,1,,,,,,,,0,
167,Source of Reclamation Material (OH),cointerp,interphrc,String,String,,Interpretation,0,1,0,0,Dominant Condition,,1,,,,,,,,0,
2741,Stormwater Management - Infiltration (NY),cointerp,interphrc,String,String,,Interpretation,0,1,0,0,Dominant Condition,,1,,,,,,,,0,
2742,Stormwater Management - Ponds (NY),cointerp,interphrc,String,String,,Interpretation,0,1,0,0,Dominant Condition,,1,,,,,,,,0,
2743,Stormwater Management - Wetlands (NY),cointerp,interphrc,String,String,,Interpretation,0,1,0,0,Dominant Condition,,1,,,,,,,,0,
2713,Subsurface Sewage Disposal Systems (CT),cointerp,interphrc,String,String,,Interpretation,0,1,0,0,Dominant Condition,,1,,,,,,,,0,
519,"Subsurface Water Management, Installation (ND)",cointerp,interphrc,String,String,,Interpretation,0,1,0,0,Dominant Condition,,1,,,,,,,,0,
633,"Subsurface Water Management, Outflow Quality",cointerp,interphrc,String,String,,Interpretation,0,1,0,0,Dominant Condition,,1,,,,,,,,0,
522,"Subsurface Water Management, Outflow Quality (ND)",cointerp,interphrc,String,String,,Interpretation,0,1,0,0,Dominant Condition,,1,,,,,,,,0,
520,"Subsurface Water Management, Performance (ND)",cointerp,interphrc,String,String,,Interpretation,0,1,0,0,Dominant Condition,,1,,,,,,,,0,
634,"Subsurface Water Management, System Installation",cointerp,interphrc,String,String,,Interpretation,0,1,0,0,Dominant Condition,,1,,,,,,,,0,
636,"Subsurface Water Management, System Performance",cointerp,interphrc,String,String,,Interpretation,0,1,0,0,Dominant Condition,,1,,,,,,,,0,
35,Suitability for Hand Planting,cointerp,interphrc,String,String,,Interpretation,0,1,0,0,Dominant Condition,,1,,,,,,,,0,
352,Suitability for Hand Planting (MD),cointerp,interphrc,String,String,,Interpretation,0,1,0,0,Dominant Condition,,1,,,,,,,,0,
2663,Suitability for Hand Planting (ME),cointerp,interphrc,String,String,,Interpretation,0,1,0,0,Dominant Component,,1,,,,,,,,0,
361,Suitability for Haul Roads (MI),cointerp,interphrc,String,String,,Interpretation,0,1,0,0,Dominant Condition,,1,,,,,,,,0,
63,Suitability for Log Landings,cointerp,interphrc,String,String,,Interpretation,0,1,0,0,Dominant Condition,,1,,,,,,,,0,
145,Suitability for Log Landings (ID),cointerp,interphrc,String,String,,Interpretation,0,1,0,0,Dominant Condition,,1,,,,,,,,0,
2665,Suitability for Log Landings (ME),cointerp,interphrc,String,String,,Interpretation,0,1,0,0,Dominant Component,,1,,,,,,,,0,
363,Suitability for Log Landings (MI),cointerp,interphrc,String,String,,Interpretation,0,1,0,0,Dominant Condition,,1,,,,,,,,0,
146,Suitability for Log Landings (OR),cointerp,interphrc,String,String,,Interpretation,0,1,0,0,Dominant Condition,,1,,,,,,,,0,
416,Suitability for Log Landings (VT),cointerp,interphrc,String,String,,Interpretation,0,1,0,0,Dominant Condition,,1,,,,,,,,0,
147,Suitability for Log Landings (WA),cointerp,interphrc,String,String,,Interpretation,0,1,0,0,Dominant Condition,,1,,,,,,,,0,
87,Suitability for Mechanical Planting,cointerp,interphrc,String,String,,Interpretation,0,1,0,0,Dominant Condition,,1,,,,,,,,0,
354,Suitability for Mechanical Planting (MD),cointerp,interphrc,String,String,,Interpretation,0,1,0,0,Dominant Condition,,1,,,,,,,,0,
2666,Suitability for Mechanical Planting (ME),cointerp,interphrc,String,String,,Interpretation,0,1,0,0,Dominant Component,,1,,,,,,,,0,
252,Suitability for Mechanical Planting (OH),cointerp,interphrc,String,String,,Interpretation,0,1,0,0,Dominant Condition,,1,,,,,,,,0,
34,Suitability for Roads (Natural Surface),cointerp,interphrc,String,String,,Interpretation,0,1,0,0,Dominant Condition,,1,,,,,,,,0,
148,Suitability for Roads (Natural Surface) (ID),cointerp,interphrc,String,String,,Interpretation,0,1,0,0,Dominant Condition,,1,,,,,,,,0,
2669,Suitability for Roads (Natural Surface) (ME),cointerp,interphrc,String,String,,Interpretation,0,1,0,0,Dominant Component,,1,,,,,,,,0,
231,Suitability for Roads (Natural Surface) (OH),cointerp,interphrc,String,String,,Interpretation,0,1,0,0,Dominant Condition,,1,,,,,,,,0,
149,Suitability for Roads (Natural Surface) (OR),cointerp,interphrc,String,String,,Interpretation,0,1,0,0,Dominant Condition,,1,,,,,,,,0,
417,Suitability for Roads (Natural Surface) (VT),cointerp,interphrc,String,String,,Interpretation,0,1,0,0,Dominant Condition,,1,,,,,,,,0,
150,Suitability for Roads (Natural Surface) (WA),cointerp,interphrc,String,String,,Interpretation,0,1,0,0,Dominant Condition,,1,,,,,,,,0,
2911,Suitability for Savanna Restoration,cointerp,interphrc,String,String,,Interpretation,0,1,0,0,Dominant Condition,,1,,,,,,,,0,
492,Surface Drains (TX),cointerp,interphrc,String,String,,Interpretation,0,1,0,0,Dominant Condition,,1,,,,,,,,0,
493,Surface Irrigation Intake Family (TX),cointerp,interphrc,String,String,,Interpretation,0,1,0,0,Dominant Condition,,-1,Intake Family Low,Intake Family High,,,,,,0,
2754,Surface Salt Concentration,cointerp,interphrc,String,String,,Interpretation,0,1,0,0,Dominant Condition,,1,,,,,,,,0,
635,"Surface Water Management, System",cointerp,interphrc,String,String,,Interpretation,0,1,0,0,Dominant Condition,,1,,,,,,,,0,
263,Terraces and Diversions (OH),cointerp,interphrc,String,String,,Interpretation,0,1,0,0,Dominant Condition,,1,,,,,,,,0,
509,Terraces and Diversions (TX),cointerp,interphrc,String,String,,Interpretation,0,1,0,0,Dominant Condition,,1,,,,,,,,0,
43,Topsoil Source,cointerp,interphrc,String,String,,Interpretation,0,1,0,0,Dominant Condition,,1,,,,,,,,0,
2863,Topsoil Source (AK),cointerp,interphrc,String,String,,Interpretation,0,1,0,0,Dominant Condition,,1,,,,,,,,0,
315,Topsoil Source (GA),cointerp,interphrc,String,String,,Interpretation,0,1,0,0,Dominant Condition,,1,,,,,,,,0,
142,Topsoil Source (ID),cointerp,interphrc,String,String,,Interpretation,0,1,0,0,Dominant Condition,,1,,,,,,,,0,
350,Topsoil Source (MD),cointerp,interphrc,String,String,,Interpretation,0,1,0,0,Dominant Condition,,1,,,,,,,,0,
163,Topsoil Source (OH),cointerp,interphrc,String,String,,Interpretation,0,1,0,0,Dominant Condition,,1,,,,,,,,0,
143,Topsoil Source (OR),cointerp,interphrc,String,String,,Interpretation,0,1,0,0,Dominant Condition,,1,,,,,,,,0,
144,Topsoil Source (WA),cointerp,interphrc,String,String,,Interpretation,0,1,0,0,Dominant Condition,,1,,,,,,,,0,
2902,USFS - Inherent Erosion Hazard,cointerp,interphrc,String,String,,Interpretation,0,1,0,0,Dominant Condition,,1,,,,,,,,0,
2748,USFS - Road Construction and Maintenance (Natural Surface),cointerp,interphrc,String,String,,Interpretation,0,1,0,0,Dominant Condition,,1,,,,,,,,0,
2698,Unlined Retention Systems,cointerp,interphrc,String,String,,Interpretation,0,1,0,0,Dominant Condition,,1,,,,,,,,0,
621,Unpaved Local Roads and Streets,cointerp,interphrc,String,String,,Interpretation,0,1,0,0,Dominant Condition,,1,,,,,,,,0,
294,Upland Coniferous Trees (TX),cointerp,interphrc,String,String,,Interpretation,0,1,0,0,Dominant Condition,,1,,,,,,,,0,
295,Upland Deciduous Trees (TX),cointerp,interphrc,String,String,,Interpretation,0,1,0,0,Dominant Condition,,1,,,,,,,,0,
296,Upland Desertic Shrubs and Trees (TX),cointerp,interphrc,String,String,,Interpretation,0,1,0,0,Dominant Condition,,1,,,,,,,,0,
297,Upland Mixed Deciduous and Conifer Trees (TX),cointerp,interphrc,String,String,,Interpretation,0,1,0,0,Dominant Condition,,1,,,,,,,,0,
461,Upland Native Herbaceous Plants (TX),cointerp,interphrc,String,String,,Interpretation,0,1,0,0,Dominant Condition,,1,,,,,,,,0,
298,Upland Shrubs and Vines (TX),cointerp,interphrc,String,String,,Interpretation,0,1,0,0,Dominant Condition,,1,,,,,,,,0,
2677,Utah Juniper Encroachment Potential,cointerp,interphrc,String,String,,Interpretation,0,1,0,0,Dominant Condition,,1,,,,,,,,0,
394,Vegetated Filter Strip Group (OH),cointerp,interphrc,String,String,,Interpretation,0,1,0,0,Dominant Condition,,1,,,,,,,,0,
2678,Vegetated Treatment Area (PIA),cointerp,interphrc,String,String,,Interpretation,0,1,0,0,Dominant Condition,,1,,,,,,,,0,
111,"Vehicle Trafficability, Type 1, 1 Pass, Wet Season",cointerp,interphrc,string,string,,Interpretation,0,1,0,0,Dominant Condition,,1,,,,,,,,0,
112,"Vehicle Trafficability, Type 1, 50 Passes, Wet Season",cointerp,interphrc,string,string,,Interpretation,0,1,0,0,Dominant Condition,,1,,,,,,,,0,
113,"Vehicle Trafficability, Type 1, Dry Season",cointerp,interphrc,string,string,,Interpretation,0,1,0,0,Dominant Condition,,1,,,,,,,,0,
114,"Vehicle Trafficability, Type 2, 1 Pass, Wet Season",cointerp,interphrc,string,string,,Interpretation,0,1,0,0,Dominant Condition,,1,,,,,,,,0,
115,"Vehicle Trafficability, Type 2, 50 Passes, Wet Season",cointerp,interphrc,string,string,,Interpretation,0,1,0,0,Dominant Condition,,1,,,,,,,,0,
116,"Vehicle Trafficability, Type 2, Dry Season",cointerp,interphrc,string,string,,Interpretation,0,1,0,0,Dominant Condition,,1,,,,,,,,0,
117,"Vehicle Trafficability, Type 3, 1 Pass, Wet Season",cointerp,interphrc,string,string,,Interpretation,0,1,0,0,Dominant Condition,,1,,,,,,,,0,
118,"Vehicle Trafficability, Type 3, 50 Passes, Wet Season",cointerp,interphrc,string,string,,Interpretation,0,1,0,0,Dominant Condition,,1,,,,,,,,0,
119,"Vehicle Trafficability, Type 3, Dry Season",cointerp,interphrc,string,string,,Interpretation,0,1,0,0,Dominant Condition,,1,,,,,,,,0,
120,"Vehicle Trafficability, Type 4, 1 Pass, Wet Season",cointerp,interphrc,string,string,,Interpretation,0,1,0,0,Dominant Condition,,1,,,,,,,,0,
121,"Vehicle Trafficability, Type 4, 50 Passes, Wet Season",cointerp,interphrc,string,string,,Interpretation,0,1,0,0,Dominant Condition,,1,,,,,,,,0,
122,"Vehicle Trafficability, Type 4, Dry Season",cointerp,interphrc,string,string,,Interpretation,0,1,0,0,Dominant Condition,,1,,,,,,,,0,
123,"Vehicle Trafficability, Type 5, 1 Pass, Wet Season",cointerp,interphrc,string,string,,Interpretation,0,1,0,0,Dominant Condition,,1,,,,,,,,0,
124,"Vehicle Trafficability, Type 5, 50 Passes, Wet Season",cointerp,interphrc,string,string,,Interpretation,0,1,0,0,Dominant Condition,,1,,,,,,,,0,
125,"Vehicle Trafficability, Type 5, Dry Season",cointerp,interphrc,string,string,,Interpretation,0,1,0,0,Dominant Condition,,1,,,,,,,,0,
126,"Vehicle Trafficability, Type 6, 1 Pass, Wet Season",cointerp,interphrc,string,string,,Interpretation,0,1,0,0,Dominant Condition,,1,,,,,,,,0,
127,"Vehicle Trafficability, Type 6, 50 Passes, Wet Season",cointerp,interphrc,string,string,,Interpretation,0,1,0,0,Dominant Condition,,1,,,,,,,,0,
128,"Vehicle Trafficability, Type 6, Dry Season",cointerp,interphrc,string,string,,Interpretation,0,1,0,0,Dominant Condition,,1,,,,,,,,0,
129,"Vehicle Trafficability, Type 7, 1 Pass, Wet Season",cointerp,interphrc,string,string,,Interpretation,0,1,0,0,Dominant Condition,,1,,,,,,,,0,
130,"Vehicle Trafficability, Type 7, 50 Passes, Wet Season",cointerp,interphrc,string,string,,Interpretation,0,1,0,0,Dominant Condition,,1,,,,,,,,0,
131,"Vehicle Trafficability, Type 7, Dry Season",cointerp,interphrc,string,string,,Interpretation,0,1,0,0,Dominant Condition,,1,,,,,,,,0,
2924,Vinifera Wine Grape Site Suitability (Long to Medium),cointerp,interphrc,String,String,,Interpretation,0,1,0,0,Dominant Condition,,1,,,,,,,,0,
2925,Vinifera Wine Grape Site Suitability (Long),cointerp,interphrc,String,String,,Interpretation,0,1,0,0,Dominant Condition,,1,,,,,,,,0,
2926,Vinifera Wine Grape Site Suitability (Short to Med),cointerp,interphrc,String,String,,Interpretation,0,1,0,0,Dominant Condition,,1,,,,,,,,0,
2927,Vinifera Wine Grape Site Suitability (Short),cointerp,interphrc,String,String,,Interpretation,0,1,0,0,Dominant Condition,,1,,,,,,,,0,
2687,WLF - Gopher Tortoise Burrowing Suitability,cointerp,interphrc,String,String,,Interpretation,0,1,0,0,Dominant Condition,,1,,,,,,,,0,
2839,Water Erosion Potential (ND),cointerp,interphrc,String,String,,Interpretation,0,1,0,0,Dominant Condition,,1,,,,,,,,0,
2766,Water Erosion Potential (TX),cointerp,interphrc,String,String,,Interpretation,0,1,0,0,Dominant Condition,,1,,,,,,,,0,
637,Western Juniper Encroachment Potential (OR),cointerp,interphrc,String,String,,Interpretation,0,1,0,0,Dominant Condition,,1,,,,,,,,0,
517,Wildlife Food Plots 2 Acres or Less (TX),cointerp,interphrc,String,String,,Interpretation,0,1,0,0,Dominant Condition,,1,,,,,,,,0,
338,Wind Erosion Potential (TX),cointerp,interphrc,String,String,,Interpretation,0,1,0,0,Dominant Condition,,1,,,,,,,,0,
2770,Windthrow Hazard,cointerp,interphrc,String,String,,Interpretation,0,1,0,0,Dominant Condition,,1,,,,,,,,0,
2679,Windthrow Hazard (WA),cointerp,interphrc,String,String,,Interpretation,0,1,0,0,Dominant Condition,,1,,,,,,,,0,
2648,Wine Grape Site Suitability (WA),cointerp,interphrc,String,String,,Interpretation,0,1,0,0,Dominant Condition,,1,,,,,,,,0,
460,Yellow Star-thistle Invasion Susceptibility,cointerp,interphrc,String,String,,Interpretation,0,1,0,0,Dominant Condition,,1,,,,,,,,0,
380,AASHTO Group Classification (Surface),chaashto,aashtocl,Choice,Choice,,Property,0,1,0,1,Dominant Condition,,-1,,,Surface Layer,,,,,0,
2746,AASHTO Group Index,chorizon,aashind_r,Integer,Integer,,Property,1,1,0,1,Dominant Condition,,1,,,All Layers,,,,,0,
41,Available Water Capacity,chorizon,awc_r,Float,Float,centimeters per centimeter,Property,0,1,0,1,Dominant Component,,1,,,Depth Range,,,,,0,
101,Available Water Storage,chorizon,awc_r,Float,Float,centimeters,Property,0,1,0,1,Weighted Average,,1,,,Depth Range,,,,,0,
66,"Available Water Supply, 0 to 100 cm",muaggatt,aws0100wta,Float,Float,centimeters,Property,1,0,0,0,No Aggregation Necessary,,1,,,,,,,,0,
7,"Available Water Supply, 0 to 150 cm",muaggatt,aws0150wta,Float,Float,centimeters,Property,1,0,0,0,No Aggregation Necessary,,1,,,,,,,,0,
97,"Available Water Supply, 0 to 25 cm",muaggatt,aws025wta,Float,Float,centimeters,Property,1,0,0,0,No Aggregation Necessary,,1,,,,,,,,0,
9,"Available Water Supply, 0 to 50 cm",muaggatt,aws050wta,Float,Float,centimeters,Property,1,0,0,0,No Aggregation Necessary,,1,,,,,,,,0,
65,"Bulk Density, One-Third Bar",chorizon,dbthirdbar_r,Float,Float,grams per cubic centimeter,Property,0,1,0,1,Dominant Component,,1,,,Depth Range,,,,,0,
98,Calcium Carbonate (CaCO3),chorizon,caco3_r,Integer,Integer,percent,Property,0,1,0,1,Dominant Component,,1,,,Depth Range,,,,,1,
28,Cation-Exchange Capacity (CEC-7),chorizon,cec7_r,Float,Float,milliequivalents per 100 grams,Property,0,1,0,1,Dominant Component,,1,,,Depth Range,,,,,0,
2939,Conservation Tree and Shrub Group,component,constreeshrubgrp,Choice,Choice,,Property,0,1,0,0,Dominant Condition,,-1,,,,,,,,0,
191,Conservation Tree and Shrub Group OLD,component,constreeshrubgrp,Choice,Choice,,Property,0,1,0,0,Dominant Condition,,-1,,,,,,,,0,
95,Corrosion of Concrete,component,corcon,Choice,Choice,,Property,0,1,0,0,Dominant Condition,,1,,,,,,,,0,
46,Corrosion of Steel,component,corsteel,Choice,Choice,,Property,0,1,0,0,Dominant Condition,,1,,,,,,,,0,
190,Crop Productivity Index,component,cropprodindex,Integer,Integer,,Property,0,1,0,0,Weighted Average,,1,,,,,,,,1,
309,Depth to Any Soil Restrictive Layer,corestrictions,resdept_r,Integer,Integer,centimeters,Property,0,1,0,0,Dominant Component,,-1,,,,,,,,0,201
2851,Depth to Bedrock,corestrictions,resdept_r,Integer,Integer,centimeters,Property,1,1,0,0,Dominant Component,,-1,,,,,,,,0,201
82,Depth to Water Table,cosoilmoist,soimoistdept_r,Integer,Integer,centimeters,Property,0,1,1,0,Dominant Component,,-1,,,,,,January,December,0,201
50,Depth to a Selected Soil Restrictive Layer,corestrictions,resdept_r,Integer,Integer,centimeters,Property,0,1,0,0,Dominant Component,,-1,,,,,,,,0,201
44,Drainage Class,component,drainagecl,Choice,Choice,,Property,0,1,0,0,Dominant Condition,,1,,,,,,,,0,
60,Ecological Classification ID,coecoclass,ecoclassid,String,String,,Property,0,1,0,0,Dominant Condition,,-1,,,,,,,,0,
31,Ecological Classification Name,coecoclass,ecoclassname,VText,VText,,Property,0,1,0,0,Dominant Condition,,-1,,,,,,,,0,
2,Effective Cation-Exchange Capacity (ECEC),chorizon,ecec_r,Float,Float,milliequivalents per 100 grams,Property,0,1,0,1,Dominant Component,,1,,,Depth Range,,,,,0,
59,Electrical Conductivity (EC),chorizon,ec_r,Float,Float,decisiemens per meter,Property,0,1,0,1,Dominant Component,,1,,,Depth Range,,,,,0,
2904,Exchangeable Sodium Percent (ESP),chorizon,esp_r,Integer,Integer,percent,Property,1,1,0,1,Dominant Component,,1,,,Depth Range,,,,,1,
2905,Extractable Acidity,chorizon,extracid_r,Float,Float,centimoles of charge per kilogram,Property,1,1,0,1,Dominant Component,,1,,,Depth Range,,,,,1,
288,Farmland Classification,mapunit,farmlndcl,Choice,Choice,,Property,1,0,0,0,No Aggregation Necessary,,-1,,,,,,,,0,
12,Flooding Frequency Class,comonth,flodfreqcl,Choice,Choice,,Property,0,1,1,0,Dominant Condition,,1,Less Frequent,More Frequent,,,,January,December,0,None
77,Forest Productivity (Cubic Feet per Acre per Year),coforprod,fprod_r,Float,Float,cubic feet per acre per year,Property,0,1,0,0,Dominant Component,,1,,,,,,,,0,
49,Forest Productivity (Tree Site Index),coforprod,siteindex_r,Integer,Integer,feet,Property,0,1,0,0,Dominant Component,,1,,,,,,,,0,
52,Frost Action,component,frostact,Choice,Choice,,Property,0,1,0,0,Dominant Condition,,1,,,,,,,,0,
86,Frost-Free Days,component,ffd_r,Integer,Integer,days,Property,0,1,0,0,Dominant Component,,1,,,,,,,,0,
47,Gypsum,chorizon,gypsum_r,Integer,Integer,percent,Property,0,1,0,1,Dominant Component,,1,,,Depth Range,,,,,1,
16,Hydric Rating by Map Unit,component,hydricrating,Choice,Integer,,Property,0,1,0,0,Percent Present,,-1,,,,,,,,0,
73,Hydrologic Soil Group,component,hydgrp,Choice,Choice,,Property,0,1,0,0,Dominant Condition,,1,,,,,,,,0,
189,Iowa Corn Suitability Rating CSR2 (IA),mapunit,iacornsr,Integer,Integer,,Property,1,0,0,0,No Aggregation Necessary,,1,,,,,,,,0,
88,Irrigated Capability Class,component,irrcapcl,Choice,Choice,,Property,0,1,0,0,Dominant Condition,,1,,,,,,,,0,
32,Irrigated Capability Subclass,component,irrcapscl,Choice,Choice,,Property,0,1,0,0,Dominant Condition,,-1,,,,,,,,0,
19,"K Factor, Rock Free",chorizon,kffact,Choice,Choice,,Property,0,1,0,1,Dominant Condition,,1,,,Surface Layer,,,,,0,
51,"K Factor, Whole Soil",chorizon,kwfact,Choice,Choice,,Property,0,1,0,1,Dominant Condition,,1,,,Surface Layer,,,,,0,
15,Linear Extensibility,chorizon,lep_r,Float,Float,percent,Property,0,1,0,1,Dominant Component,,1,,,Depth Range,,,,,0,
378,Liquid Limit,chorizon,ll_r,Float,Float,percent,Property,0,1,0,1,Dominant Component,,1,,,Depth Range,,,,,0,
94,Map Unit Name,mapunit,muname,String,String,,Property,1,0,0,0,No Aggregation Necessary,,-1,,,,,,,,0,
2660,Minnesota Crop Productivity Index,mutext,text,Narrative Text,Narrative Text,,Property,0,0,0,0,No Aggregation Necessary,,-1,,,,,,,,0,
523,NH Forest Soil Group,mapunit,nhiforsoigrp,Choice,Choice,,Property,1,0,0,0,No Aggregation Necessary,,-1,,,,,,,,0,
2810,NRCS Ecological Site ID,coecoclass,ecoclassid,String,String,,Property,0,1,0,0,Dominant Condition,,-1,,,,,,,,0,
2811,NRCS Ecological Site Name,coecoclass,ecoclassname,Narrative Text,Narrative Text,,Property,1,1,0,0,Dominant Condition,,-1,,,,,,,,0,
74,Nonirrigated Capability Class,component,nirrcapcl,Choice,Choice,,Property,0,1,0,0,Dominant Condition,,1,,,,,,,,0,
83,Nonirrigated Capability Subclass,component,nirrcapscl,Choice,Choice,,Property,0,1,0,0,Dominant Condition,,-1,,,,,,,,0,
2729,Order of Soil Survey,mapunit,invesintens,Choice,Choice,,Property,1,0,0,0,No Aggregation Necessary,,1,,,,,,,,0,
37,Organic Matter,chorizon,om_r,Float,Float,percent,Property,0,1,0,1,Dominant Component,,1,,,Depth Range,,,,,0,
384,Parent Material Name,copmgrp,pmgroupname,String,String,,Property,0,1,0,0,Dominant Condition,,-1,,,,,,,,0,
6,Percent Clay,chorizon,claytotal_r,Float,Float,percent,Property,0,1,0,1,Dominant Component,,1,,,Depth Range,,,,,0,
311,Percent Sand,chorizon,sandtotal_r,Float,Float,percent,Property,0,1,0,1,Dominant Component,,1,,,Depth Range,,,,,0,
312,Percent Silt,chorizon,silttotal_r,Float,Float,percent,Property,0,1,0,1,Dominant Component,,1,,,Depth Range,,,,,0,
379,Plasticity Index,chorizon,pi_r,Float,Float,percent,Property,0,1,0,1,Dominant Component,,1,,,Depth Range,,,,,0,
13,Ponding Frequency Class,comonth,pondfreqcl,Choice,Choice,,Property,0,1,1,0,Dominant Condition,,1,Less Frequent,More Frequent,,,,January,December,0,None
14,Range Production (Favorable Year),component,rsprod_h,Integer,Integer,pounds per acre per year,Property,0,1,0,0,Weighted Average,,1,,,,,,,,1,
81,Range Production (Normal Year),component,rsprod_r,Integer,Integer,pounds per acre per year,Property,0,1,0,0,Weighted Average,,1,,,,,,,,1,
89,Range Production (Unfavorable Year),component,rsprod_l,Integer,Integer,pounds per acre per year,Property,0,1,0,0,Weighted Average,,1,,,,,,,,1,
96,Representative Slope,component,slope_r,Float,Float,percent,Property,0,1,0,0,Dominant Component,,1,,,,,,,,0,
42,Saturated Hydraulic Conductivity (Ksat),chorizon,ksat_r,Float,Float,micrometers per second,Property,0,1,0,1,Dominant Component,,1,Slowest,Fastest,Depth Range,,,,,0,
61,"Saturated Hydraulic Conductivity (Ksat), Standard Classes",chorizon,ksat_r,Float,Float,micrometers per second,Property,0,1,0,1,Dominant Component,,1,Slowest,Fastest,Depth Range,,,,,0,
68,Sodium Adsorption Ratio (SAR),chorizon,sar_r,Float,Float,,Property,0,1,0,1,Dominant Component,,1,,,Depth Range,,,,,1,
2755,Soil Health - Available Water Capacity,chorizon,awc_r,Float,Float,centimeters per centimeter,Property,1,1,0,1,Dominant Component,,1,,,Surface Layer,,,,,0,
2759,"Soil Health - Bulk Density, One-Third Bar",chorizon,dbthirdbar_r,Float,Float,grams per cubic centimeter,Property,1,1,0,1,Dominant Component,,1,,,Surface Layer,,,,,0,
2647,Soil Health - Organic Matter,chorizon,om_r,Float,Float,percent,Property,0,1,0,1,Dominant Component,,1,,,Surface Layer,,,,,0,
2756,Soil Health - Sodium Adsorption Ratio (SAR),chorizon,sar_r,Float,Float,,Property,1,1,0,1,Dominant Component,,1,,,Surface Layer,,,,,1,
2757,Soil Health - Soil Reaction (pH),chorizon,ph1to1h2o_r,Float,Float,,Property,1,1,0,1,Dominant Component,,1,,,Surface Layer,,,,,0,
2758,Soil Health - Surface Texture,chtexturegrp,texdesc,Narrative Text,Narrative Text,,Property,1,1,0,1,Dominant Condition,,-1,,,Surface Layer,,,,,0,
2790,Soil Moisture Class,cotaxmoistcl,taxmoistcl,Choice,Choice,,Property,1,1,0,0,Dominant Condition,,-1,,,,,,,,0,
2791,Soil Moisture Subclass,component,taxmoistscl,Choice,Choice,,Property,1,1,0,0,Dominant Condition,,-1,,,,,,,,0,
2744,Soil Slippage Potential,component,soilslippot,Choice,Choice,,Property,1,1,0,0,Dominant Condition,,1,,,,,,,,0,
471,Soil Taxonomy Classification,component,taxclname,String,String,,Property,0,1,0,0,Dominant Condition,,-1,,,,,,,,0,
2873,Soil Taxonomy Great Group,component,taxgrtgroup,Choice,Choice,,Property,1,1,0,0,Dominant Condition,,-1,,,,,,,,0,
2871,Soil Taxonomy Order,component,taxorder,Choice,Choice,,Property,1,1,0,0,Dominant Condition,,-1,,,,,,,,0,
2875,Soil Taxonomy Particle Size or Substitute Class,component,taxpartsize,Choice,Choice,,Property,1,1,0,0,Dominant Condition,,-1,,,,,,,,0,
2874,Soil Taxonomy Subgroup,component,taxsubgrp,Choice,Choice,,Property,1,1,0,0,Dominant Condition,,-1,,,,,,,,0,
2872,Soil Taxonomy Suborder,component,taxsuborder,Choice,Choice,,Property,1,1,0,0,Dominant Condition,,-1,,,,,,,,0,
2789,Soil Temperature Regime,component,taxtempregime,Choice,Choice,,Property,1,1,0,0,Dominant Condition,,-1,,,,,,,,0,
526,Soil-Based Residential Wastewater Disposal Ratings (VT),mapunit,vtsepticsyscl,Choice,Choice,,Property,1,0,0,0,No Aggregation Necessary,,-1,,,,,,,,0,
2814,"Subsidence, Initial",component,initsub_r,Integer,Integer,centimeters,Property,1,1,0,0,Dominant Condition,,1,,,,,,,,1,
2815,"Subsidence, Total",component,totalsub_r,Integer,Integer,centimeters,Property,1,1,0,0,Dominant Condition,,1,,,,,,,,1,
2903,Sum of Bases,chorizon,sumbases_r,Float,Float,centimoles of charge per kilogram,Property,1,1,0,1,Dominant Component,,1,,,Depth Range,,,,,1,
308,Surface Texture,chtexturegrp,texdesc,VText,VText,,Property,0,1,0,1,Dominant Condition,,-1,,,Surface Layer,,,,,0,
75,T Factor,component,tfact,Integer,Integer,tons per acre per year,Property,0,1,0,0,Dominant Condition,,-1,,,,,,,,0,
2934,Unified Soil Classification (Selected Depth),chunified,unifiedcl,Choice,Choice,,Property,0,1,0,1,Dominant Condition,,-1,,,Depth Range,,,,,0,
381,Unified Soil Classification (Surface),chunified,unifiedcl,Choice,Choice,,Property,0,1,0,1,Dominant Condition,,-1,,,Surface Layer,,,,,0,
366,"Water Content, 15 Bar",chorizon,wfifteenbar_r,Float,Float,percent,Property,0,1,0,1,Dominant Component,,1,,,Depth Range,,,,,1,
365,"Water Content, One-Third Bar",chorizon,wthirdbar_r,Float,Float,percent,Property,0,1,0,1,Dominant Component,,1,,,Depth Range,,,,,1,
71,Wind Erodibility Group,component,weg,Choice,Choice,,Property,0,1,0,0,Dominant Condition,,-1,,,,,,,,0,
4,Wind Erodibility Index,component,wei,Choice,Choice,tons per acre per year,Property,0,1,0,0,Dominant Condition,,1,,,,,,,,0,
58,Yields of Irrigated Crops (Component),cocropyld,irryield_r,Float,Float,,Property,0,1,0,0,Weighted Average,,1,,,,,,,,1,
99,Yields of Irrigated Crops (Map Unit),mucropyld,irryield_r,Float,Float,,Property,1,0,0,0,No Aggregation Necessary,,1,,,,,,,,0,
25,Yields of Non-Irrigated Crops (Component),cocropyld,nonirryield_r,Float,Float,,Property,0,1,0,0,Weighted Average,,1,,,,,,,,1,
100,Yields of Non-Irrigated Crops (Map Unit),mucropyld,nonirryield_r,Float,Float,,Property,1,0,0,0,No Aggregation Necessary,,1,,,,,,,,0,
11,pH (1 to 1 Water),chorizon,ph1to1h2o_r,Float,Float,,Property,0,1,0,1,Dominant Component,,1,,,Depth Range,,,,,0,
